Origin,Destination,Airline(s),Price ($),Num Stops,Time to Travel,Access-Departure Days,Travel Month,Travel Day of Year,Travel Hour
5,0,2,240,0,3.23,1,4,116,7
5,0,1,240,0,3.42,1,4,116,9
5,0,2,240,0,3.3,1,4,116,10
5,0,0,240,0,3.23,1,4,116,11
5,0,0,240,0,3.28,1,4,116,17
5,0,0,249,1,5.9,1,4,116,13
5,0,2,319,0,3.33,1,4,116,14
5,0,1,240,0,3.42,2,4,117,9
5,0,2,240,0,3.3,2,4,117,10
5,0,0,240,0,3.23,2,4,117,11
5,0,2,240,0,3.23,2,4,117,7
5,0,2,240,0,3.33,2,4,117,14
5,0,0,240,0,3.28,2,4,117,17
5,0,2,240,0,3.43,2,4,117,18
5,0,2,214,0,3.23,3,4,118,7
5,0,1,214,0,3.38,3,4,118,9
5,0,0,214,0,3.23,3,4,118,11
5,0,2,214,0,3.42,3,4,118,11
5,0,0,214,0,3.28,3,4,118,17
5,0,2,214,0,3.43,3,4,118,18
5,0,0,222,1,5.9,3,4,118,12
5,0,2,214,0,3.23,4,4,119,7
5,0,0,234,0,3.28,4,4,119,17
5,0,1,329,0,3.42,4,4,119,9
5,0,7,263,1,14.4,4,4,119,20
5,0,2,359,0,3.3,4,4,119,10
5,0,2,359,0,3.33,4,4,119,14
5,0,2,214,0,3.23,5,4,120,7
5,0,2,214,0,3.3,5,4,120,10
5,0,0,214,0,3.23,5,4,120,11
5,0,1,264,0,3.42,5,4,120,9
5,0,7,198,1,14.4,5,4,120,20
5,0,2,214,0,3.33,5,4,120,14
5,0,0,214,0,3.28,5,4,120,17
5,0,2,214,0,3.43,5,4,120,18
5,0,1,214,0,3.42,6,4,121,9
5,0,2,214,0,3.3,6,4,121,10
5,0,0,214,0,3.23,6,4,121,11
5,0,2,214,0,3.23,6,4,121,7
5,0,0,214,0,3.28,6,4,121,17
5,0,2,214,0,3.43,6,4,121,18
5,0,2,104,0,3.23,7,5,122,7
5,0,1,104,0,3.38,7,5,122,10
5,0,2,104,0,3.3,7,5,122,10
5,0,2,104,0,3.33,7,5,122,14
5,0,0,104,0,3.28,7,5,122,17
5,0,1,104,0,3.47,7,5,122,17
5,0,0,129,0,3.23,7,5,122,11
5,0,2,104,0,3.23,8,5,123,7
5,0,1,104,0,3.38,8,5,123,10
5,0,0,104,0,3.28,8,5,123,17
5,0,1,104,0,3.47,8,5,123,17
5,0,0,138,1,5.9,8,5,123,13
5,0,0,149,0,3.23,8,5,123,11
5,0,2,179,0,3.35,8,5,123,10
5,0,2,249,0,3.33,8,5,123,14
5,0,2,104,0,3.23,9,5,124,7
5,0,0,104,0,3.28,9,5,124,17
5,0,1,104,0,3.47,9,5,124,17
5,0,0,137,1,5.9,9,5,124,12
5,0,2,139,0,3.35,9,5,124,10
5,0,2,139,0,3.43,9,5,124,18
5,0,0,149,0,3.23,9,5,124,11
5,0,1,160,0,3.38,9,5,124,10
5,0,2,104,0,3.23,10,5,125,7
5,0,1,104,0,3.38,10,5,125,10
5,0,2,104,0,3.42,10,5,125,11
5,0,2,104,0,3.33,10,5,125,14
5,0,0,104,0,3.28,10,5,125,17
5,0,1,104,0,3.47,10,5,125,17
5,0,2,104,0,3.43,10,5,125,18
5,0,2,149,0,3.23,11,5,126,7
5,0,1,179,0,3.38,11,5,126,10
5,0,0,179,0,3.28,11,5,126,17
5,0,0,219,0,3.23,11,5,126,11
5,0,2,309,0,3.43,11,5,126,18
5,0,1,329,0,3.47,11,5,126,17
5,0,2,359,0,3.35,11,5,126,10
5,0,2,104,0,3.23,12,5,127,7
5,0,0,104,0,3.22,12,5,127,17
5,0,1,114,0,3.47,12,5,127,17
5,0,0,129,0,3.3,12,5,127,11
5,0,1,160,0,3.38,12,5,127,10
5,0,2,179,0,3.43,12,5,127,18
5,0,2,209,0,3.33,12,5,127,14
5,0,1,104,0,3.38,13,5,128,10
5,0,2,104,0,3.43,13,5,128,11
5,0,0,104,0,3.3,13,5,128,11
5,0,2,104,0,3.3,13,5,128,7
5,0,2,104,0,3.47,13,5,128,14
5,0,0,104,0,3.22,13,5,128,17
5,0,1,104,0,3.47,13,5,128,17
5,0,1,104,0,3.38,14,5,129,10
5,0,2,104,0,3.43,14,5,129,11
5,0,0,104,0,3.3,14,5,129,11
5,0,2,104,0,3.3,14,5,129,7
5,0,0,104,0,3.22,14,5,129,17
5,0,1,104,0,3.47,14,5,129,17
5,0,2,249,0,3.47,14,5,129,14
5,0,1,108,0,3.38,15,5,130,10
5,0,0,145,0,3.3,15,5,130,11
5,0,2,209,0,3.3,15,5,130,7
5,0,0,145,0,3.22,15,5,130,17
5,0,1,149,0,3.47,15,5,130,17
5,0,7,158,1,14.48,15,5,130,20
5,0,2,259,0,3.43,15,5,130,11
5,0,2,289,0,3.55,15,5,130,18
5,0,2,108,0,3.3,16,5,131,7
5,0,0,108,0,3.22,16,5,131,17
5,0,1,108,0,3.47,16,5,131,17
5,0,2,108,0,3.55,16,5,131,18
5,0,0,138,1,6.82,16,5,131,8
5,0,0,149,0,3.3,16,5,131,11
5,0,1,179,0,3.38,16,5,131,10
5,0,2,289,0,3.47,16,5,131,14
5,0,2,108,0,3.3,17,5,132,7
5,0,1,108,0,3.38,17,5,132,10
5,0,2,108,0,3.43,17,5,132,11
5,0,2,108,0,3.47,17,5,132,14
5,0,0,108,0,3.22,17,5,132,17
5,0,1,108,0,3.47,17,5,132,17
5,0,2,108,0,3.55,17,5,132,18
5,0,1,209,0,3.38,18,5,133,10
5,0,1,214,0,3.47,18,5,133,17
5,0,2,289,0,3.3,18,5,133,7
5,0,7,188,1,14.48,18,5,133,20
5,0,0,354,0,3.22,18,5,133,17
5,0,2,359,0,3.55,18,5,133,18
5,0,2,439,0,3.43,18,5,133,11
5,0,0,129,0,3.22,19,5,134,17
5,0,2,139,0,3.3,19,5,134,7
5,0,2,149,0,3.47,19,5,134,14
5,0,1,149,0,3.47,19,5,134,17
5,0,2,149,0,3.55,19,5,134,18
5,0,0,169,0,3.3,19,5,134,11
5,0,1,179,0,3.38,19,5,134,10
5,0,1,108,0,3.38,20,5,135,10
5,0,2,108,0,3.43,20,5,135,11
5,0,0,108,0,3.3,20,5,135,11
5,0,0,108,0,3.22,20,5,135,17
5,0,1,108,0,3.47,20,5,135,17
5,0,2,139,0,3.3,20,5,135,7
5,0,2,209,0,3.55,20,5,135,18
5,0,2,80,0,3.3,21,5,136,7
5,0,0,95,0,3.22,21,5,136,17
5,0,1,108,0,3.38,21,5,136,10
5,0,1,108,0,3.47,21,5,136,17
5,0,0,145,0,3.3,21,5,136,11
5,0,2,149,0,3.43,21,5,136,11
5,0,2,179,0,3.47,21,5,136,14
5,0,2,149,0,3.3,22,5,137,7
5,0,0,169,0,3.3,22,5,137,11
5,0,1,179,0,3.38,22,5,137,10
5,0,1,179,0,3.47,22,5,137,17
5,0,2,209,0,3.55,22,5,137,18
5,0,0,219,0,3.22,22,5,137,17
5,0,2,289,0,3.43,22,5,137,11
5,0,0,119,0,3.22,23,5,138,17
5,0,1,134,0,3.47,23,5,138,17
5,0,2,149,0,3.3,23,5,138,7
5,0,0,169,0,3.3,23,5,138,11
5,0,1,179,0,3.38,23,5,138,10
5,0,2,179,0,3.55,23,5,138,18
5,0,2,209,0,3.43,23,5,138,11
5,0,0,95,0,3.22,24,5,139,17
5,0,1,134,0,3.38,24,5,139,10
5,0,1,134,0,3.47,24,5,139,17
5,0,0,145,0,3.3,24,5,139,11
5,0,2,179,0,3.47,24,5,139,14
5,0,0,113,1,6.33,24,5,139,13
5,0,2,158,1,5.8,24,5,139,17
5,0,2,209,0,3.55,24,5,139,18
5,0,2,249,0,3.3,24,5,139,7
5,0,0,219,0,3.22,25,5,140,17
5,0,0,279,0,3.3,25,5,140,11
5,0,1,289,0,3.47,25,5,140,17
5,0,0,177,1,8.93,25,5,140,6
5,0,1,329,0,3.38,25,5,140,10
5,0,2,349,0,3.3,25,5,140,7
5,0,2,349,0,3.55,25,5,140,18
5,0,2,439,0,3.43,25,5,140,11
5,0,0,145,0,3.22,26,5,141,17
5,0,2,149,0,3.3,26,5,141,7
5,0,0,219,0,3.3,26,5,141,11
5,0,0,154,1,6.83,26,5,141,8
5,0,2,209,0,3.55,26,5,141,18
5,0,1,264,0,3.38,26,5,141,10
5,0,1,264,0,3.47,26,5,141,17
5,0,2,349,0,3.47,26,5,141,14
5,0,1,64,0,3.47,27,5,142,17
5,0,0,95,0,3.22,27,5,142,17
5,0,2,109,0,3.3,27,5,142,7
5,0,0,114,1,6.85,27,5,142,8
5,0,0,119,0,3.3,27,5,142,11
5,0,1,179,0,3.38,27,5,142,10
5,0,2,179,0,3.43,27,5,142,11
5,0,2,249,0,3.47,27,5,142,14
5,0,0,119,0,3.22,28,5,143,17
5,0,1,134,0,3.38,28,5,143,10
5,0,0,145,0,3.3,28,5,143,11
5,0,2,179,0,3.3,28,5,143,7
5,0,0,128,1,6.83,28,5,143,8
5,0,1,149,0,3.47,28,5,143,17
5,0,2,249,0,3.43,28,5,143,11
5,0,2,439,0,3.47,28,5,143,14
5,0,1,179,0,3.38,29,5,144,10
5,0,2,239,0,3.3,29,5,144,7
5,0,0,279,0,3.3,29,5,144,11
5,0,1,264,0,3.47,29,5,144,17
5,0,0,279,0,3.22,29,5,144,17
5,0,2,319,0,3.43,29,5,144,11
5,0,2,409,0,3.47,29,5,144,14
5,0,2,219,0,3.3,30,5,145,7
5,0,0,219,0,3.22,30,5,145,17
5,0,1,264,0,3.47,30,5,145,17
5,0,0,279,0,3.3,30,5,145,11
5,0,1,329,0,3.38,30,5,145,10
5,0,2,329,0,3.55,30,5,145,18
5,0,2,389,0,3.47,30,5,145,14
5,0,1,179,0,3.38,31,5,146,10
5,0,2,179,0,3.47,31,5,146,14
5,0,2,149,1,5.8,31,5,146,17
5,0,1,179,0,3.47,31,5,146,17
5,0,2,179,0,3.55,31,5,146,18
5,0,2,289,0,3.3,31,5,146,7
5,0,2,289,0,3.43,31,5,146,11
5,0,2,179,0,3.55,32,5,147,18
5,0,1,209,0,3.38,32,5,147,10
5,0,0,113,1,8.77,32,5,147,13
5,0,0,127,1,6.33,32,5,147,13
5,0,7,158,1,14.48,32,5,147,20
5,0,1,209,0,3.47,32,5,147,17
5,0,0,219,0,3.22,32,5,147,17
5,0,2,249,0,3.3,32,5,147,7
5,0,2,249,0,3.43,32,5,147,11
5,0,2,279,0,3.43,33,5,148,11
5,0,0,279,0,3.22,33,5,148,17
5,0,1,374,0,3.38,33,5,148,10
5,0,7,158,1,14.48,33,5,148,20
5,0,0,349,0,3.3,33,5,148,11
5,0,1,374,0,3.47,33,5,148,17
5,0,2,459,0,3.3,33,5,148,7
5,0,2,459,0,3.47,33,5,148,14
5,0,2,109,0,3.3,34,5,149,7
5,0,2,109,0,3.43,34,5,149,11
5,0,0,145,0,3.22,34,5,149,17
5,0,0,169,0,3.3,34,5,149,11
5,0,1,179,0,3.38,34,5,149,10
5,0,2,179,0,3.47,34,5,149,14
5,0,2,179,0,3.55,34,5,149,18
5,0,0,95,0,3.22,35,5,150,17
5,0,1,108,0,3.47,35,5,150,17
5,0,1,134,0,3.38,35,5,150,10
5,0,0,145,0,3.3,35,5,150,11
5,0,2,149,0,3.3,35,5,150,7
5,0,0,114,1,6.82,35,5,150,8
5,0,0,127,1,6.33,35,5,150,13
5,0,2,249,0,3.55,35,5,150,18
5,0,2,289,0,3.43,35,5,150,11
5,0,1,108,0,3.47,36,5,151,17
5,0,0,119,0,3.22,36,5,151,17
5,0,2,119,0,3.55,36,5,151,18
5,0,1,134,0,3.38,36,5,151,10
5,0,2,149,0,3.3,36,5,151,7
5,0,2,149,0,3.43,36,5,151,11
5,0,0,169,0,3.3,36,5,151,11
5,0,1,108,0,3.38,37,5,152,10
5,0,1,108,0,3.47,37,5,152,17
5,0,0,119,0,3.22,37,5,152,17
5,0,0,169,0,3.3,37,5,152,11
5,0,2,209,0,3.3,37,5,152,7
5,0,7,125,1,13.98,37,5,152,20
5,0,0,227,1,6.2,37,5,152,12
5,0,2,249,0,3.43,37,5,152,11
5,0,2,289,0,3.47,37,5,152,14
5,0,1,108,0,3.38,38,6,153,10
5,0,0,145,0,3.22,38,6,153,17
5,0,2,149,0,3.3,38,6,153,7
5,0,1,134,0,3.47,38,6,153,17
5,0,2,179,0,3.43,38,6,153,11
5,0,2,209,0,3.47,38,6,153,14
5,0,0,219,0,3.3,38,6,153,11
5,0,0,279,0,3.22,39,6,154,17
5,0,1,289,0,3.38,39,6,154,10
5,0,2,389,0,3.3,39,6,154,7
5,0,7,183,1,14.48,39,6,154,20
5,0,2,268,1,5.8,39,6,154,17
5,0,1,329,0,3.47,39,6,154,17
5,0,2,479,0,3.43,39,6,154,11
5,0,2,479,0,3.47,39,6,154,14
5,0,2,249,0,3.43,40,6,155,11
5,0,1,289,0,3.38,40,6,155,10
5,0,7,174,1,40.33,40,6,155,18
5,0,0,202,1,13.88,40,6,155,8
5,0,0,219,0,3.22,40,6,155,17
5,0,2,249,0,3.47,40,6,155,14
5,0,2,289,0,3.3,40,6,155,7
5,0,1,289,0,3.47,40,6,155,17
5,0,2,158,1,5.8,41,6,156,17
5,0,1,264,0,3.47,41,6,156,17
5,0,0,128,1,6.85,41,6,156,8
5,0,0,178,1,5.42,41,6,156,13
5,0,4,247,1,14.98,41,6,156,8
5,0,0,279,0,3.22,41,6,156,17
5,0,2,349,0,3.3,41,6,156,7
5,0,1,374,0,3.38,41,6,156,10
5,0,2,439,0,3.43,41,6,156,11
5,0,2,439,0,3.55,41,6,156,18
5,0,0,145,0,3.43,42,6,157,18
5,0,1,179,0,3.47,42,6,157,17
5,0,2,209,0,3.3,42,6,157,7
5,0,1,209,0,3.38,42,6,157,10
5,0,0,219,0,3.33,42,6,157,11
5,0,2,249,0,3.43,42,6,157,11
5,0,2,439,0,3.55,42,6,157,18
5,0,0,219,0,3.33,43,6,158,11
5,0,1,264,0,3.38,43,6,158,10
5,0,2,289,0,3.3,43,6,158,7
5,0,0,153,1,8.72,43,6,158,13
5,0,1,185,1,9.82,43,6,158,9
5,0,7,203,1,40.13,43,6,158,18
5,0,0,219,0,3.43,43,6,158,18
5,0,1,264,0,3.47,43,6,158,17
5,0,2,389,0,3.47,43,6,158,14
5,0,2,389,0,3.55,43,6,158,18
5,0,0,108,0,3.43,44,6,159,18
5,0,1,209,0,3.47,44,6,159,17
5,0,2,289,0,3.23,44,6,159,7
5,0,2,158,1,5.52,44,6,159,17
5,0,7,195,1,14.55,44,6,159,20
5,0,2,259,0,3.58,44,6,159,18
5,0,1,264,0,3.38,44,6,159,10
5,0,0,349,0,3.33,44,6,159,11
5,0,2,389,0,3.33,44,6,159,11
5,0,0,169,0,3.42,45,6,160,18
5,0,1,209,0,3.38,45,6,160,10
5,0,2,209,0,3.23,45,6,160,7
5,0,0,122,1,8.75,45,6,160,13
5,0,2,158,1,5.68,45,6,160,17
5,0,1,209,0,3.47,45,6,160,17
5,0,0,219,0,3.33,45,6,160,11
5,0,2,289,0,3.33,45,6,160,11
5,0,2,289,0,3.58,45,6,160,18
5,0,0,279,0,3.33,46,6,161,11
5,0,2,289,0,3.33,46,6,161,11
5,0,1,329,0,3.47,46,6,161,17
5,0,7,204,1,38.1,46,6,161,20
5,0,0,227,1,7.5,46,6,161,5
5,0,0,279,0,3.43,46,6,161,18
5,0,2,289,0,3.23,46,6,161,7
5,0,1,374,0,3.38,46,6,161,10
5,0,2,389,0,3.58,46,6,161,18
5,0,2,209,0,3.33,47,6,162,11
5,0,0,219,0,3.43,47,6,162,18
5,0,1,264,0,3.47,47,6,162,17
5,0,7,148,1,14.43,47,6,162,20
5,0,0,188,1,12.4,47,6,162,20
5,0,2,188,1,8.08,47,6,162,10
5,0,0,279,0,3.33,47,6,162,11
5,0,2,289,0,3.23,47,6,162,7
5,0,2,289,0,3.5,47,6,162,14
5,0,1,329,0,3.38,47,6,162,10
5,0,0,119,0,3.43,48,6,163,18
5,0,0,169,0,3.33,48,6,163,11
5,0,2,179,0,3.33,48,6,163,11
5,0,1,179,0,3.47,48,6,163,17
5,0,2,249,0,3.5,48,6,163,14
5,0,1,264,0,3.38,48,6,163,10
5,0,2,289,0,3.23,48,6,163,7
5,0,1,134,0,3.38,49,6,164,10
5,0,1,134,0,3.47,49,6,164,17
5,0,0,145,0,3.43,49,6,164,18
5,0,0,169,0,3.33,49,6,164,11
5,0,2,209,0,3.33,49,6,164,11
5,0,1,117,1,9.62,49,6,164,9
5,0,0,122,1,8.72,49,6,164,13
5,0,7,160,1,14.37,49,6,164,20
5,0,2,249,0,3.23,49,6,164,7
5,0,2,249,0,3.58,49,6,164,18
5,0,0,169,0,3.33,50,6,165,11
5,0,2,179,0,3.23,50,6,165,7
5,0,1,179,0,3.33,50,6,165,10
5,0,0,145,0,3.43,50,6,165,18
5,0,2,149,0,3.58,50,6,165,18
5,0,1,179,0,3.42,50,6,165,18
5,0,2,209,0,3.33,50,6,165,11
5,0,0,108,0,3.43,51,6,166,18
5,0,2,149,0,3.23,51,6,166,7
5,0,1,179,0,3.33,51,6,166,10
5,0,2,179,0,3.33,51,6,166,11
5,0,1,149,0,3.42,51,6,166,18
5,0,2,179,0,3.5,51,6,166,14
5,0,2,209,0,3.58,51,6,166,18
5,0,0,145,0,3.33,52,6,167,11
5,0,0,145,0,3.42,52,6,167,18
5,0,2,149,0,3.23,52,6,167,7
5,0,1,179,0,3.33,52,6,167,10
5,0,0,122,1,8.75,52,6,167,13
5,0,2,279,0,3.58,52,6,167,18
5,0,2,319,0,3.33,52,6,167,11
5,0,2,209,0,3.58,53,6,168,18
5,0,0,219,0,3.43,53,6,168,18
5,0,1,264,0,3.42,53,6,168,18
5,0,0,279,0,3.33,53,6,168,11
5,0,7,198,1,13.48,53,6,168,21
5,0,2,299,0,3.23,53,6,168,7
5,0,2,389,0,3.33,53,6,168,11
5,0,2,479,0,3.5,53,6,168,14
5,0,2,149,0,3.5,54,6,169,14
5,0,0,169,0,3.43,54,6,169,18
5,0,1,179,0,3.33,54,6,169,10
5,0,7,125,1,14.43,54,6,169,20
5,0,2,179,0,3.23,54,6,169,7
5,0,2,179,0,3.58,54,6,169,18
5,0,2,209,0,3.33,54,6,169,11
5,0,0,219,0,3.33,54,6,169,11
5,0,1,64,0,3.33,55,6,170,10
5,0,0,108,0,3.43,55,6,170,18
5,0,2,109,0,3.23,55,6,170,7
5,0,1,108,0,3.42,55,6,170,18
5,0,0,169,0,3.33,55,6,170,11
5,0,2,179,0,3.58,55,6,170,18
5,0,2,249,0,3.5,55,6,170,14
5,0,2,80,0,3.23,56,6,171,7
5,0,1,108,0,3.33,56,6,171,10
5,0,0,108,0,3.43,56,6,171,18
5,0,1,108,0,3.42,56,6,171,18
5,0,0,145,0,3.33,56,6,171,11
5,0,2,179,0,3.33,56,6,171,11
5,0,2,179,0,3.58,56,6,171,18
5,0,2,149,0,3.33,57,6,172,11
5,0,0,169,0,3.33,57,6,172,11
5,0,1,179,0,3.33,57,6,172,10
5,0,2,149,0,3.58,57,6,172,18
5,0,1,149,0,3.42,57,6,172,18
5,0,0,153,1,8.72,57,6,172,13
5,0,0,169,0,3.43,57,6,172,18
5,0,2,179,0,3.23,57,6,172,7
5,0,2,119,0,3.23,58,6,173,7
5,0,2,119,0,3.5,58,6,173,14
5,0,1,134,0,3.33,58,6,173,10
5,0,1,134,0,3.42,58,6,173,18
5,0,0,145,0,3.43,58,6,173,18
5,0,2,179,0,3.33,58,6,173,11
5,0,2,179,0,3.58,58,6,173,18
5,0,1,134,0,3.33,59,6,174,10
5,0,0,145,0,3.42,59,6,174,18
5,0,2,149,0,3.5,59,6,174,14
5,0,2,179,0,3.58,59,6,174,18
5,0,2,209,0,3.33,59,6,174,11
5,0,0,219,0,3.33,59,6,174,11
5,0,0,279,0,3.33,60,6,175,11
5,0,2,299,0,3.33,60,6,175,11
5,0,1,329,0,3.33,60,6,175,10
5,0,0,238,1,14.52,60,6,175,18
5,0,7,261,1,14.93,60,6,175,19
5,0,0,279,0,3.43,60,6,175,18
5,0,2,329,0,3.23,60,6,175,7
5,0,1,329,0,3.42,60,6,175,18
5,0,2,389,0,3.5,60,6,175,14
5,0,2,119,0,3.58,61,6,176,18
5,0,1,149,0,3.42,61,6,176,18
5,0,0,169,0,3.43,61,6,176,18
5,0,1,179,0,3.33,61,6,176,10
5,0,0,219,0,3.33,61,6,176,11
5,0,2,299,0,3.23,61,6,176,7
5,0,2,389,0,3.5,61,6,176,14
5,0,2,80,0,3.23,62,6,177,7
5,0,1,108,0,3.33,62,6,177,10
5,0,0,108,0,3.43,62,6,177,18
5,0,1,108,0,3.42,62,6,177,18
5,0,0,145,0,3.33,62,6,177,11
5,0,2,149,0,3.33,62,6,177,11
5,0,2,179,0,3.5,62,6,177,14
5,0,2,80,0,3.23,63,6,178,7
5,0,0,119,0,3.43,63,6,178,18
5,0,1,134,0,3.33,63,6,178,10
5,0,1,108,0,3.42,63,6,178,18
5,0,2,149,0,3.33,63,6,178,11
5,0,2,179,0,3.58,63,6,178,18
5,0,0,219,0,3.33,63,6,178,11
5,0,2,85,0,3.58,64,6,179,18
5,0,1,134,0,3.33,64,6,179,10
5,0,0,145,0,3.33,64,6,179,11
5,0,1,134,0,3.42,64,6,179,18
5,0,0,169,0,3.43,64,6,179,18
5,0,2,179,0,3.23,64,6,179,7
5,0,2,269,0,3.33,64,6,179,11
5,0,1,108,0,3.33,65,6,180,10
5,0,2,119,0,3.58,65,6,180,18
5,0,0,145,0,3.33,65,6,180,11
5,0,1,134,0,3.42,65,6,180,18
5,0,2,149,0,3.33,65,6,180,11
5,0,0,169,0,3.43,65,6,180,18
5,0,2,179,0,3.23,65,6,180,7
5,0,1,108,0,3.33,66,6,181,10
5,0,2,119,0,3.23,66,6,181,7
5,0,2,119,0,3.58,66,6,181,18
5,0,0,122,1,6.1,66,6,181,7
5,0,2,149,0,3.5,66,6,181,14
5,0,0,219,0,3.42,66,6,181,18
5,0,0,279,0,3.33,66,6,181,11
5,0,1,134,0,3.33,67,6,182,10
5,0,2,149,0,3.23,67,6,182,7
5,0,0,219,0,3.33,67,6,182,11
5,0,7,138,1,12.32,67,6,182,22
5,0,2,149,0,3.58,67,6,182,18
5,0,1,179,0,3.42,67,6,182,18
5,0,0,219,0,3.43,67,6,182,18
5,0,2,289,0,3.33,67,6,182,11
5,0,2,70,0,3.58,68,7,183,18
5,0,0,105,0,3.43,68,7,183,18
5,0,1,108,0,3.33,68,7,183,10
5,0,1,108,0,3.42,68,7,183,18
5,0,2,149,0,3.23,68,7,183,7
5,0,2,149,0,3.5,68,7,183,14
5,0,0,169,0,3.33,68,7,183,11
5,0,2,64,0,3.23,69,7,184,7
5,0,0,64,0,3.43,69,7,184,18
5,0,1,64,0,3.42,69,7,184,18
5,0,1,108,0,3.33,69,7,184,10
5,0,2,119,0,3.5,69,7,184,14
5,0,2,119,0,3.58,69,7,184,18
5,0,0,145,0,3.33,69,7,184,11
5,0,2,64,0,3.5,70,7,185,14
5,0,1,64,0,3.42,70,7,185,18
5,0,2,70,0,3.23,70,7,185,7
5,0,0,105,0,3.43,70,7,185,18
5,0,1,108,0,3.33,70,7,185,10
5,0,0,145,0,3.33,70,7,185,11
5,0,2,179,0,3.33,70,7,185,11
5,0,1,70,0,3.42,71,7,186,18
5,0,0,145,0,3.33,71,7,186,11
5,0,2,149,0,3.33,71,7,186,11
5,0,0,114,1,5.17,71,7,186,14
5,0,1,134,0,3.33,71,7,186,10
5,0,0,145,0,3.43,71,7,186,18
5,0,2,149,0,3.23,71,7,186,7
5,0,2,149,0,3.58,71,7,186,18
5,0,2,70,0,3.58,72,7,187,18
5,0,1,70,0,3.42,72,7,187,18
5,0,0,105,0,3.63,72,7,187,18
5,0,1,108,0,3.33,72,7,187,10
5,0,0,145,0,3.37,72,7,187,11
5,0,2,149,0,3.23,72,7,187,7
5,0,2,179,0,3.33,72,7,187,11
5,0,1,149,0,3.33,73,7,188,10
5,0,2,149,0,3.33,73,7,188,11
5,0,0,169,0,3.37,73,7,188,11
5,0,0,122,1,8.75,73,7,188,13
5,0,0,127,1,7.7,73,7,188,5
5,0,2,149,0,3.58,73,7,188,18
5,0,0,169,0,3.52,73,7,188,17
5,0,2,179,0,3.5,73,7,188,14
5,0,0,219,0,3.37,74,7,189,11
5,0,1,264,0,3.33,74,7,189,10
5,0,2,289,0,3.23,74,7,189,7
5,0,0,177,1,8.48,74,7,189,7
5,0,7,183,1,14.55,74,7,189,20
5,0,0,219,0,3.63,74,7,189,18
5,0,1,329,0,3.38,74,7,189,17
5,0,2,369,0,3.58,74,7,189,18
5,0,2,429,0,3.5,74,7,189,14
5,0,1,134,0,3.38,75,7,190,17
5,0,2,149,0,3.63,75,7,190,18
5,0,0,169,0,3.63,75,7,190,18
5,0,0,177,1,5.98,75,7,190,7
5,0,1,179,0,3.33,75,7,190,10
5,0,0,219,0,3.37,75,7,190,11
5,0,2,269,0,3.23,75,7,190,7
5,0,2,349,0,3.33,75,7,190,11
5,0,2,64,0,3.23,76,7,191,7
5,0,1,108,0,3.33,76,7,191,10
5,0,0,119,0,3.37,76,7,191,11
5,0,1,108,0,3.38,76,7,191,17
5,0,0,108,0,3.63,76,7,191,18
5,0,2,109,0,3.63,76,7,191,18
5,0,2,179,0,3.33,76,7,191,11
5,0,2,64,0,3.23,77,7,192,7
5,0,1,64,0,3.33,77,7,192,10
5,0,1,64,0,3.38,77,7,192,17
5,0,0,108,0,3.37,77,7,192,11
5,0,0,108,0,3.63,77,7,192,18
5,0,2,149,0,3.5,77,7,192,14
5,0,2,149,0,3.63,77,7,192,18
5,0,2,85,0,3.23,78,7,193,7
5,0,1,85,0,3.33,78,7,193,10
5,0,1,85,0,3.38,78,7,193,17
5,0,0,108,0,3.63,78,7,193,18
5,0,2,119,0,3.5,78,7,193,14
5,0,2,149,0,3.33,78,7,193,11
5,0,0,169,0,3.37,78,7,193,11
5,0,2,85,0,3.23,79,7,194,7
5,0,2,85,0,3.63,79,7,194,18
5,0,1,108,0,3.38,79,7,194,17
5,0,0,108,0,3.63,79,7,194,18
5,0,1,134,0,3.33,79,7,194,10
5,0,0,169,0,3.37,79,7,194,11
5,0,2,209,0,3.5,79,7,194,14
5,0,1,108,0,3.33,80,7,195,10
5,0,0,108,0,3.52,80,7,195,17
5,0,2,119,0,3.5,80,7,195,14
5,0,0,127,1,6.17,80,7,195,7
5,0,2,149,0,3.23,80,7,195,7
5,0,0,169,0,3.37,80,7,195,11
5,0,2,469,0,3.33,80,7,195,11
5,0,1,179,0,3.38,81,7,196,17
5,0,2,209,0,3.23,81,7,196,7
5,0,0,279,0,3.37,81,7,196,11
5,0,7,164,1,38.43,81,7,196,20
5,0,0,177,1,5.98,81,7,196,7
5,0,2,179,0,3.63,81,7,196,18
5,0,1,209,0,3.33,81,7,196,10
5,0,0,219,0,3.63,81,7,196,18
5,0,2,479,0,3.33,81,7,196,11
5,0,2,119,0,3.63,82,7,197,18
5,0,1,134,0,3.33,82,7,197,10
5,0,2,149,0,3.23,82,7,197,7
5,0,2,149,0,3.33,82,7,197,11
5,0,7,125,1,14.43,82,7,197,20
5,0,1,134,0,3.38,82,7,197,17
5,0,0,169,0,3.63,82,7,197,18
5,0,2,179,0,3.5,82,7,197,14
5,0,2,64,0,3.23,83,7,198,7
5,0,1,64,0,3.33,83,7,198,10
5,0,1,64,0,3.38,83,7,198,17
5,0,0,108,0,3.37,83,7,198,11
5,0,2,80,0,3.63,83,7,198,18
5,0,0,108,0,3.63,83,7,198,18
5,0,2,149,0,3.5,83,7,198,14
5,0,2,64,0,3.23,84,7,199,7
5,0,1,108,0,3.33,84,7,199,10
5,0,0,108,0,3.37,84,7,199,11
5,0,1,108,0,3.38,84,7,199,17
5,0,0,108,0,3.63,84,7,199,18
5,0,2,149,0,3.63,84,7,199,18
5,0,2,179,0,3.5,84,7,199,14
5,0,1,85,0,3.33,85,7,200,10
5,0,2,149,0,3.33,85,7,200,11
5,0,0,169,0,3.37,85,7,200,11
5,0,0,127,1,8.67,85,7,200,13
5,0,2,149,0,3.63,85,7,200,18
5,0,0,169,0,3.63,85,7,200,18
5,0,1,179,0,3.38,85,7,200,17
5,0,2,259,0,3.5,85,7,200,14
5,0,2,119,0,3.23,86,7,201,7
5,0,2,119,0,3.63,86,7,201,18
5,0,1,134,0,3.38,86,7,201,17
5,0,1,149,0,3.33,86,7,201,10
5,0,0,169,0,3.37,86,7,201,11
5,0,0,127,1,8.67,86,7,201,13
5,0,0,145,0,3.63,86,7,201,18
5,0,2,179,0,3.5,86,7,201,14
5,0,1,108,0,3.33,87,7,202,10
5,0,2,119,0,3.5,87,7,202,14
5,0,2,149,0,3.23,87,7,202,7
5,0,0,169,0,3.37,87,7,202,11
5,0,2,149,0,3.63,87,7,202,18
5,0,0,169,0,3.52,87,7,202,17
5,0,2,179,0,3.23,88,7,203,7
5,0,1,179,0,3.33,88,7,203,10
5,0,1,179,0,3.38,88,7,203,17
5,0,0,279,0,3.37,88,7,203,11
5,0,0,127,1,5.98,88,7,203,7
5,0,2,209,0,3.63,88,7,203,18
5,0,0,219,0,3.63,88,7,203,18
5,0,2,289,0,3.33,88,7,203,11
5,0,2,149,0,3.23,89,7,204,7
5,0,1,149,0,3.33,89,7,204,10
5,0,2,149,0,3.33,89,7,204,11
5,0,0,169,0,3.63,89,7,204,18
5,0,1,149,0,3.38,89,7,204,17
5,0,2,149,0,3.63,89,7,204,18
5,0,7,158,1,15.27,89,7,204,19
5,0,0,219,0,3.37,89,7,204,11
5,0,2,64,0,3.23,90,7,205,7
5,0,1,64,0,3.33,90,7,205,10
5,0,1,64,0,3.38,90,7,205,17
5,0,2,64,0,3.63,90,7,205,18
5,0,0,108,0,3.37,90,7,205,11
5,0,0,108,0,3.63,90,7,205,18
5,0,2,179,0,3.33,90,7,205,11
5,0,2,64,0,3.23,91,7,206,7
5,0,1,64,0,3.38,91,7,206,17
5,0,0,108,0,3.63,91,7,206,18
5,0,1,134,0,3.33,91,7,206,10
5,0,2,149,0,3.63,91,7,206,18
5,0,0,169,0,3.37,91,7,206,11
5,0,2,179,0,3.33,91,7,206,11
5,0,1,108,0,3.33,92,7,207,10
5,0,1,108,0,3.38,92,7,207,17
5,0,0,108,0,3.63,92,7,207,18
5,0,2,119,0,3.23,92,7,207,7
5,0,2,149,0,3.63,92,7,207,18
5,0,0,169,0,3.37,92,7,207,11
5,0,2,209,0,3.33,92,7,207,11
5,0,2,85,0,3.23,93,7,208,7
5,0,2,85,0,3.63,93,7,208,18
5,0,1,108,0,3.33,93,7,208,10
5,0,0,169,0,3.37,93,7,208,11
5,0,0,145,0,3.63,93,7,208,18
5,0,1,149,0,3.38,93,7,208,17
5,0,2,389,0,3.33,93,7,208,11
5,0,2,119,0,3.23,94,7,209,7
5,0,1,134,0,3.33,94,7,209,10
5,0,0,145,0,3.37,94,7,209,11
5,0,2,119,0,3.63,94,7,209,18
5,0,0,145,0,3.52,94,7,209,17
5,0,2,149,0,3.33,94,7,209,11
5,0,1,179,0,3.33,95,7,210,10
5,0,2,209,0,3.23,95,7,210,7
5,0,0,219,0,3.37,95,7,210,11
5,0,7,174,1,38.55,95,7,210,20
5,0,1,179,0,3.38,95,7,210,17
5,0,2,209,0,3.63,95,7,210,18
5,0,0,219,0,3.63,95,7,210,18
5,0,2,479,0,3.33,95,7,210,11
5,0,1,85,0,3.38,96,7,211,17
5,0,2,119,0,3.63,96,7,211,18
5,0,2,149,0,3.23,96,7,211,7
5,0,2,149,0,3.33,96,7,211,11
5,0,0,169,0,3.37,96,7,211,11
5,0,0,145,0,3.63,96,7,211,18
5,0,1,149,0,3.33,96,7,211,10
5,0,2,64,0,3.23,97,7,212,7
5,0,1,64,0,3.33,97,7,212,10
5,0,0,64,0,3.63,97,7,212,18
5,0,2,64,0,3.63,97,7,212,18
5,0,2,80,0,3.5,97,7,212,14
5,0,0,108,0,3.37,97,7,212,11
5,0,1,108,0,3.38,97,7,212,17
5,0,1,64,0,3.33,98,7,213,10
5,0,1,64,0,3.38,98,7,213,17
5,0,2,80,0,3.23,98,7,213,7
5,0,0,119,0,3.37,98,7,213,11
5,0,0,108,0,3.63,98,7,213,18
5,0,2,109,0,3.63,98,7,213,18
5,0,0,128,1,7.18,98,7,213,11
5,0,2,209,0,3.5,98,7,213,14
5,0,1,85,0,3.38,99,8,214,17
5,0,0,108,0,3.63,99,8,214,18
5,0,2,119,0,3.23,99,8,214,7
5,0,1,134,0,3.33,99,8,214,10
5,0,0,169,0,3.37,99,8,214,11
5,0,2,179,0,3.5,99,8,214,14
5,0,2,259,0,3.63,99,8,214,18
5,0,0,108,0,3.63,100,8,215,18
5,0,1,149,0,3.33,100,8,215,10
5,0,2,179,0,3.33,100,8,215,11
5,0,1,134,0,3.38,100,8,215,17
5,0,2,149,0,3.63,100,8,215,18
5,0,0,169,0,3.37,100,8,215,11
5,0,2,179,0,3.23,100,8,215,7
5,0,0,108,0,3.52,101,8,216,17
5,0,2,119,0,3.23,101,8,216,7
5,0,1,134,0,3.33,101,8,216,10
5,0,2,149,0,3.63,101,8,216,18
5,0,2,209,0,3.5,101,8,216,14
5,0,0,219,0,3.37,101,8,216,11
5,0,1,179,0,3.33,102,8,217,10
5,0,2,209,0,3.63,102,8,217,18
5,0,0,219,0,3.63,102,8,217,18
5,0,7,183,1,14.55,102,8,217,20
5,0,2,218,1,7.33,102,8,217,6
5,0,2,259,0,3.23,102,8,217,7
5,0,0,279,0,3.37,102,8,217,11
5,0,1,289,0,3.38,102,8,217,17
5,0,2,389,0,3.33,102,8,217,11
5,0,1,134,0,3.38,103,8,218,17
5,0,0,169,0,3.37,103,8,218,11
5,0,2,179,0,3.53,103,8,218,7
5,0,2,149,0,3.78,103,8,218,18
5,0,0,169,0,3.63,103,8,218,18
5,0,1,209,0,3.33,103,8,218,10
5,0,2,259,0,3.72,103,8,218,11
5,0,1,64,0,3.38,104,8,219,17
5,0,2,80,0,3.53,104,8,219,7
5,0,0,95,0,3.55,104,8,219,18
5,0,1,108,0,3.33,104,8,219,10
5,0,2,109,0,3.78,104,8,219,18
5,0,0,119,0,3.28,104,8,219,11
5,0,0,123,1,6.0,104,8,219,14
5,0,2,249,0,3.68,104,8,219,14
5,0,1,64,0,3.33,105,8,220,10
5,0,1,64,0,3.38,105,8,220,17
5,0,2,80,0,3.53,105,8,220,7
5,0,0,95,0,3.28,105,8,220,11
5,0,0,95,0,3.55,105,8,220,18
5,0,2,149,0,3.78,105,8,220,18
5,0,2,209,0,3.72,105,8,220,11
5,0,1,85,0,3.33,106,8,221,10
5,0,1,85,0,3.38,106,8,221,17
5,0,0,119,0,3.28,106,8,221,11
5,0,2,149,0,3.53,106,8,221,7
5,0,0,119,0,3.55,106,8,221,18
5,0,2,149,0,3.78,106,8,221,18
5,0,2,179,0,3.68,106,8,221,14
5,0,1,85,0,3.38,107,8,222,17
5,0,1,108,0,3.33,107,8,222,10
5,0,0,108,0,3.55,107,8,222,18
5,0,2,119,0,3.53,107,8,222,7
5,0,2,149,0,3.78,107,8,222,18
5,0,0,169,0,3.28,107,8,222,11
5,0,2,179,0,3.68,107,8,222,14
5,0,2,85,0,3.53,108,8,223,7
5,0,1,108,0,3.33,108,8,223,10
5,0,0,119,0,3.55,108,8,223,18
5,0,2,119,0,3.78,108,8,223,18
5,0,0,123,1,6.0,108,8,223,14
5,0,0,145,0,3.28,108,8,223,11
5,0,2,149,0,3.68,108,8,223,14
5,0,1,149,0,3.38,109,8,224,17
5,0,0,169,0,3.55,109,8,224,18
5,0,1,179,0,3.33,109,8,224,10
5,0,0,128,1,6.0,109,8,224,14
5,0,2,188,1,5.37,109,8,224,17
5,0,0,219,0,3.28,109,8,224,11
5,0,2,259,0,3.53,109,8,224,7
5,0,2,259,0,3.78,109,8,224,18
5,0,2,389,0,3.68,109,8,224,14
5,0,1,85,0,3.38,110,8,225,17
5,0,1,108,0,3.33,110,8,225,10
5,0,2,119,0,3.78,110,8,225,18
5,0,0,119,0,3.55,110,8,225,18
5,0,2,149,0,3.53,110,8,225,7
5,0,2,149,0,3.72,110,8,225,11
5,0,0,169,0,3.28,110,8,225,11
5,0,2,64,0,3.53,111,8,226,7
5,0,1,64,0,3.38,111,8,226,17
5,0,0,95,0,3.55,111,8,226,18
5,0,1,108,0,3.33,111,8,226,10
5,0,2,109,0,3.78,111,8,226,18
5,0,0,119,0,3.28,111,8,226,11
5,0,2,149,0,3.68,111,8,226,14
5,0,1,64,0,3.38,112,8,227,17
5,0,0,95,0,3.55,112,8,227,18
5,0,2,109,0,3.53,112,8,227,7
5,0,1,108,0,3.33,112,8,227,10
5,0,2,179,0,3.72,112,8,227,11
5,0,2,179,0,3.78,112,8,227,18
5,0,2,209,0,3.68,112,8,227,14
5,0,1,85,0,3.38,113,8,228,17
5,0,1,108,0,3.33,113,8,228,10
5,0,0,119,0,3.55,113,8,228,18
5,0,2,149,0,3.72,113,8,228,11
5,0,2,149,0,3.78,113,8,228,18
5,0,0,169,0,3.28,113,8,228,11
5,0,2,209,0,3.53,113,8,228,7
5,0,1,85,0,3.38,114,8,229,17
5,0,1,108,0,3.33,114,8,229,10
5,0,0,108,0,3.28,114,8,229,11
5,0,2,119,0,3.53,114,8,229,7
5,0,0,119,0,3.55,114,8,229,18
5,0,2,149,0,3.78,114,8,229,18
5,0,2,179,0,3.72,114,8,229,11
5,0,0,95,0,3.55,115,8,230,18
5,0,1,108,0,3.33,115,8,230,10
5,0,2,119,0,3.78,115,8,230,18
5,0,2,149,0,3.53,115,8,230,7
5,0,2,149,0,3.72,115,8,230,11
5,0,2,209,0,3.68,115,8,230,14
5,0,1,149,0,3.38,116,8,231,17
5,0,0,169,0,3.55,116,8,231,18
5,0,2,179,0,3.53,116,8,231,7
5,0,0,127,1,7.48,116,8,231,5
5,0,7,173,1,14.55,116,8,231,20
5,0,1,179,0,3.33,116,8,231,10
5,0,2,209,0,3.78,116,8,231,18
5,0,0,219,0,3.28,116,8,231,11
5,0,2,349,0,3.72,116,8,231,11
5,0,1,108,0,3.38,117,8,232,17
5,0,1,134,0,3.33,117,8,232,10
5,0,2,149,0,3.68,117,8,232,14
5,0,0,169,0,3.28,117,8,232,11
5,0,0,145,0,3.55,117,8,232,18
5,0,2,149,0,3.78,117,8,232,18
5,0,2,179,0,3.53,117,8,232,7
5,0,2,64,0,3.53,118,8,233,7
5,0,2,80,0,3.78,118,8,233,18
5,0,0,95,0,3.55,118,8,233,18
5,0,1,108,0,3.33,118,8,233,10
5,0,1,107,1,8.2,118,8,233,8
5,0,1,108,0,3.38,118,8,233,17
5,0,0,119,0,3.28,118,8,233,11
5,0,2,149,0,3.72,118,8,233,11
5,0,1,108,0,3.33,119,8,234,10
5,0,1,108,0,3.38,119,8,234,17
5,0,2,109,0,3.78,119,8,234,18
5,0,0,119,0,3.55,119,8,234,18
5,0,1,107,1,8.2,119,8,234,8
5,0,2,149,0,3.53,119,8,234,7
5,0,2,149,0,3.72,119,8,234,11
5,0,0,169,0,3.28,119,8,234,11
5,0,1,108,0,3.33,120,8,235,10
5,0,1,108,0,3.38,120,8,235,17
5,0,0,145,0,3.28,120,8,235,11
5,0,2,209,0,3.53,120,8,235,7
5,0,0,128,1,6.0,120,8,235,14
5,0,0,169,0,3.55,120,8,235,18
5,0,7,175,1,13.92,120,8,235,20
5,0,2,209,0,3.72,120,8,235,11
5,0,2,209,0,3.78,120,8,235,18
5,0,1,108,0,3.38,121,8,236,17
5,0,2,119,0,3.78,121,8,236,18
5,0,0,128,1,6.0,121,8,236,14
5,0,1,134,0,3.33,121,8,236,10
5,0,2,179,0,3.53,121,8,236,7
5,0,2,259,0,3.72,121,8,236,11
5,0,2,259,0,3.68,121,8,236,14
5,0,0,349,0,3.28,121,8,236,11
5,0,1,134,0,3.33,122,8,237,10
5,0,2,149,0,3.53,122,8,237,7
5,0,2,149,0,3.78,122,8,237,18
5,0,0,123,1,7.95,122,8,237,15
5,0,2,209,0,3.72,122,8,237,11
5,0,2,209,0,3.68,122,8,237,14
5,0,0,349,0,3.28,122,8,237,11
5,0,1,179,0,3.38,123,8,238,17
5,0,2,209,0,3.53,123,8,238,7
5,0,0,219,0,3.55,123,8,238,18
5,0,0,128,1,6.0,123,8,238,14
5,0,7,158,1,15.42,123,8,238,19
5,0,2,188,1,5.37,123,8,238,17
5,0,2,209,0,3.78,123,8,238,18
5,0,1,264,0,3.33,123,8,238,10
5,0,2,349,0,3.72,123,8,238,11
5,0,0,349,0,3.28,123,8,238,11
5,0,1,108,0,3.33,124,8,239,10
5,0,1,108,0,3.38,124,8,239,17
5,0,2,119,0,3.78,124,8,239,18
5,0,0,145,0,3.55,124,8,239,18
5,0,2,149,0,3.72,124,8,239,11
5,0,2,149,0,3.68,124,8,239,14
5,0,0,169,0,3.28,124,8,239,11
5,0,2,80,0,3.53,125,8,240,7
5,0,1,108,0,3.33,125,8,240,10
5,0,0,119,0,3.28,125,8,240,11
5,0,1,108,0,3.38,125,8,240,17
5,0,2,109,0,3.78,125,8,240,18
5,0,0,119,0,3.55,125,8,240,18
5,0,2,149,0,3.72,125,8,240,11
5,0,2,64,0,3.53,126,8,241,7
5,0,0,95,0,3.55,126,8,241,18
5,0,1,108,0,3.33,126,8,241,10
5,0,1,108,0,3.38,126,8,241,17
5,0,2,109,0,3.78,126,8,241,18
5,0,0,119,0,3.28,126,8,241,11
5,0,2,149,0,3.72,126,8,241,11
5,0,0,128,1,6.0,127,8,242,14
5,0,1,134,0,3.33,127,8,242,10
5,0,2,219,0,3.53,127,8,242,7
5,0,7,173,1,14.58,127,8,242,20
5,0,1,209,0,3.38,127,8,242,17
5,0,0,279,0,3.28,127,8,242,11
5,0,0,279,0,3.55,127,8,242,18
5,0,2,294,0,3.72,127,8,242,11
5,0,2,294,0,3.68,127,8,242,14
5,0,1,149,0,3.38,128,8,243,17
5,0,1,179,0,3.33,128,8,243,10
5,0,2,193,1,5.37,128,8,243,17
5,0,2,219,0,3.78,128,8,243,18
5,0,0,219,0,3.55,128,8,243,18
5,0,2,279,0,3.53,128,8,243,7
5,0,0,279,0,3.28,128,8,243,11
5,0,2,294,0,3.72,128,8,243,11
5,0,1,149,0,3.33,129,8,244,10
5,0,2,149,0,3.78,129,8,244,18
5,0,0,169,0,3.55,129,8,244,18
5,0,0,128,1,6.18,129,8,244,15
5,0,2,209,0,3.53,129,8,244,7
5,0,2,209,0,3.72,129,8,244,11
5,0,0,219,0,3.28,129,8,244,11
5,0,2,119,0,3.53,130,9,245,7
5,0,1,134,0,3.33,130,9,245,10
5,0,0,219,0,3.28,130,9,245,11
5,0,2,179,0,3.78,130,9,245,18
5,0,0,219,0,3.55,130,9,245,18
5,0,1,264,0,3.38,130,9,245,17
5,0,2,289,0,3.72,130,9,245,11
5,0,1,264,0,3.33,131,9,246,10
5,0,2,314,0,3.53,131,9,246,7
5,0,0,349,0,3.28,131,9,246,11
5,0,7,188,1,14.58,131,9,246,20
5,0,0,207,1,16.97,131,9,246,20
5,0,2,213,1,5.37,131,9,246,17
5,0,2,269,0,3.78,131,9,246,18
5,0,1,289,0,3.38,131,9,246,17
5,0,2,314,0,3.68,131,9,246,14
5,0,0,349,0,3.55,131,9,246,18
5,0,0,119,0,3.55,132,9,247,18
5,0,1,134,0,3.38,132,9,247,17
5,0,2,179,0,3.53,132,9,247,7
5,0,0,128,1,6.0,132,9,247,14
5,0,0,169,0,3.28,132,9,247,11
5,0,1,179,0,3.33,132,9,247,10
5,0,2,209,0,3.78,132,9,247,18
5,0,2,269,0,3.68,132,9,247,14
5,0,2,80,0,3.53,133,9,248,7
5,0,0,95,0,3.33,133,9,248,13
5,0,1,108,0,3.15,133,9,248,9
5,0,0,119,0,3.55,133,9,248,18
5,0,1,134,0,3.32,133,9,248,18
5,0,2,149,0,3.72,133,9,248,11
5,0,2,149,0,3.78,133,9,248,18
5,0,0,219,0,3.28,133,9,248,11
5,0,2,85,0,3.53,134,9,249,7
5,0,1,108,0,3.15,134,9,249,9
5,0,0,119,0,3.33,134,9,249,13
5,0,0,119,0,3.55,134,9,249,18
5,0,1,134,0,3.32,134,9,249,18
5,0,0,149,0,3.28,134,9,249,11
5,0,2,179,0,3.72,134,9,249,11
5,0,2,179,0,3.68,134,9,249,14
5,0,1,108,0,3.15,135,9,250,9
5,0,0,108,0,3.33,135,9,250,13
5,0,2,119,0,3.53,135,9,250,7
5,0,1,108,0,3.32,135,9,250,18
5,0,0,108,0,3.55,135,9,250,18
5,0,2,149,0,3.78,135,9,250,18
5,0,0,169,0,3.28,135,9,250,11
5,0,2,209,0,3.72,135,9,250,11
5,0,0,95,0,3.55,136,9,251,18
5,0,2,119,0,3.53,136,9,251,7
5,0,0,119,0,3.33,136,9,251,13
5,0,1,134,0,3.15,136,9,251,9
5,0,1,108,0,3.32,136,9,251,18
5,0,2,119,0,3.68,136,9,251,14
5,0,2,119,0,3.78,136,9,251,18
5,0,2,149,0,3.72,136,9,251,11
5,0,0,169,0,3.33,137,9,252,13
5,0,2,209,0,3.53,137,9,252,7
5,0,1,264,0,3.15,137,9,252,9
5,0,0,128,1,5.95,137,9,252,17
5,0,2,158,1,5.37,137,9,252,17
5,0,7,164,1,16.18,137,9,252,18
5,0,1,209,0,3.32,137,9,252,18
5,0,0,219,0,3.28,137,9,252,11
5,0,0,219,0,3.55,137,9,252,18
5,0,2,259,0,3.78,137,9,252,18
5,0,2,349,0,3.72,137,9,252,11
5,0,1,108,0,3.32,138,9,253,18
5,0,0,119,0,3.33,138,9,253,13
5,0,2,149,0,3.33,138,9,253,7
5,0,0,119,0,3.55,138,9,253,18
5,0,0,149,0,3.28,138,9,253,11
5,0,2,149,0,3.78,138,9,253,18
5,0,1,179,0,3.15,138,9,253,9
5,0,2,179,0,3.42,138,9,253,14
5,0,0,80,0,3.33,139,9,254,13
5,0,2,80,0,3.33,139,9,254,7
5,0,2,80,0,3.78,139,9,254,18
5,0,1,108,0,3.15,139,9,254,9
5,0,0,95,0,3.55,139,9,254,18
5,0,1,108,0,3.32,139,9,254,18
5,0,2,109,0,3.72,139,9,254,11
5,0,2,109,0,3.42,139,9,254,14
5,0,2,80,0,3.33,140,9,255,7
5,0,0,95,0,3.33,140,9,255,13
5,0,1,108,0,3.15,140,9,255,9
5,0,0,95,0,3.55,140,9,255,18
5,0,1,108,0,3.32,140,9,255,18
5,0,2,109,0,3.78,140,9,255,18
5,0,0,119,0,3.28,140,9,255,11
5,0,2,149,0,3.72,140,9,255,11
5,0,0,119,0,3.33,141,9,256,13
5,0,0,119,0,3.55,141,9,256,18
5,0,1,134,0,3.15,141,9,256,9
5,0,2,179,0,3.33,141,9,256,7
5,0,7,148,1,15.18,141,9,256,19
5,0,1,149,0,3.32,141,9,256,18
5,0,2,179,0,3.72,141,9,256,11
5,0,2,179,0,3.78,141,9,256,18
5,0,2,209,0,3.42,141,9,256,14
5,0,0,108,0,3.33,142,9,257,13
5,0,0,108,0,3.55,142,9,257,18
5,0,1,134,0,3.15,142,9,257,9
5,0,2,149,0,3.33,142,9,257,7
5,0,1,149,0,3.32,142,9,257,18
5,0,2,149,0,3.78,142,9,257,18
5,0,2,209,0,3.72,142,9,257,11
5,0,2,209,0,3.42,142,9,257,14
5,0,2,85,0,3.78,143,9,258,18
5,0,2,119,0,3.33,143,9,258,7
5,0,0,119,0,3.33,143,9,258,13
5,0,1,134,0,3.15,143,9,258,9
5,0,1,108,0,3.32,143,9,258,18
5,0,0,119,0,3.55,143,9,258,18
5,0,2,149,0,3.72,143,9,258,11
5,0,2,149,0,3.42,143,9,258,14
5,0,0,169,0,3.33,144,9,259,13
5,0,2,209,0,3.78,144,9,259,18
5,0,1,264,0,3.15,144,9,259,9
5,0,0,127,1,7.5,144,9,259,5
5,0,7,158,1,15.22,144,9,259,19
5,0,0,169,0,3.55,144,9,259,18
5,0,2,188,1,5.37,144,9,259,17
5,0,1,214,0,3.32,144,9,259,18
5,0,0,219,0,3.28,144,9,259,11
5,0,2,259,0,3.33,144,9,259,7
5,0,2,349,0,3.72,144,9,259,11
5,0,0,95,0,3.55,145,9,260,18
5,0,1,108,0,3.32,145,9,260,18
5,0,0,119,0,3.33,145,9,260,13
5,0,2,149,0,3.33,145,9,260,7
5,0,1,149,0,3.15,145,9,260,9
5,0,0,149,0,3.28,145,9,260,11
5,0,2,149,0,3.42,145,9,260,14
5,0,2,149,0,3.78,145,9,260,18
5,0,2,80,0,3.33,146,9,261,7
5,0,0,95,0,3.33,146,9,261,13
5,0,1,108,0,3.15,146,9,261,9
5,0,1,108,0,3.32,146,9,261,18
5,0,2,109,0,3.42,146,9,261,14
5,0,2,109,0,3.78,146,9,261,18
5,0,0,119,0,3.55,146,9,261,18
5,0,2,149,0,3.72,146,9,261,11
5,0,0,80,0,3.33,147,9,262,13
5,0,2,80,0,3.33,147,9,262,7
5,0,1,108,0,3.15,147,9,262,9
5,0,0,95,0,3.55,147,9,262,18
5,0,1,108,0,3.32,147,9,262,18
5,0,2,149,0,3.72,147,9,262,11
5,0,2,149,0,3.78,147,9,262,18
5,0,0,169,0,3.28,147,9,262,11
5,0,0,95,0,3.33,148,9,263,13
5,0,0,95,0,3.55,148,9,263,18
5,0,1,108,0,3.15,148,9,263,9
5,0,2,149,0,3.33,148,9,263,7
5,0,1,134,0,3.32,148,9,263,18
5,0,7,148,1,15.35,148,9,263,19
5,0,0,149,0,3.28,148,9,263,11
5,0,2,209,0,3.72,148,9,263,11
5,0,2,209,0,3.78,148,9,263,18
5,0,0,108,0,3.33,149,9,264,13
5,0,0,108,0,3.55,149,9,264,18
5,0,1,134,0,3.15,149,9,264,9
5,0,1,134,0,3.32,149,9,264,18
5,0,2,179,0,3.33,149,9,264,7
5,0,2,179,0,3.78,149,9,264,18
5,0,2,209,0,3.72,149,9,264,11
5,0,2,259,0,3.42,149,9,264,14
5,0,2,85,0,3.33,150,9,265,7
5,0,2,85,0,3.78,150,9,265,18
5,0,0,95,0,3.55,150,9,265,18
5,0,1,108,0,3.15,150,9,265,9
5,0,1,108,0,3.32,150,9,265,18
5,0,0,119,0,3.33,150,9,265,13
5,0,2,149,0,3.72,150,9,265,11
5,0,0,149,0,3.28,150,9,265,11
5,0,2,149,0,3.78,151,9,266,18
5,0,0,169,0,3.33,151,9,266,13
5,0,1,179,0,3.15,151,9,266,9
5,0,0,128,1,5.95,151,9,266,17
5,0,0,158,1,6.17,151,9,266,6
5,0,7,164,1,16.23,151,9,266,18
5,0,2,179,0,3.33,151,9,266,7
5,0,1,209,0,3.32,151,9,266,18
5,0,2,289,0,3.42,151,9,266,14
5,0,2,349,0,3.72,151,9,266,11
5,0,0,349,0,3.28,151,9,266,11
5,0,0,95,0,3.55,152,9,267,18
5,0,2,119,0,3.33,152,9,267,7
5,0,0,119,0,3.33,152,9,267,13
5,0,1,134,0,3.15,152,9,267,9
5,0,1,108,0,3.32,152,9,267,18
5,0,2,149,0,3.72,152,9,267,11
5,0,0,149,0,3.28,152,9,267,11
5,0,2,149,0,3.42,152,9,267,14
5,0,0,80,0,3.33,153,9,268,13
5,0,0,80,0,3.55,153,9,268,18
5,0,2,80,0,3.33,153,9,268,7
5,0,2,80,0,3.78,153,9,268,18
5,0,1,108,0,3.15,153,9,268,9
5,0,1,108,0,3.32,153,9,268,18
5,0,2,109,0,3.72,153,9,268,11
5,0,2,149,0,3.42,153,9,268,14
5,0,0,80,0,3.33,154,9,269,13
5,0,2,80,0,3.33,154,9,269,7
5,0,1,108,0,3.15,154,9,269,9
5,0,0,95,0,3.55,154,9,269,18
5,0,1,108,0,3.32,154,9,269,18
5,0,2,109,0,3.78,154,9,269,18
5,0,0,169,0,3.28,154,9,269,11
5,0,2,179,0,3.72,154,9,269,11
5,0,1,108,0,3.15,155,9,270,9
5,0,0,119,0,3.33,155,9,270,13
5,0,2,149,0,3.33,155,9,270,7
5,0,0,119,0,3.55,155,9,270,18
5,0,0,128,1,6.0,155,9,270,14
5,0,1,134,0,3.32,155,9,270,18
5,0,7,148,1,14.28,155,9,270,20
5,0,0,169,0,3.28,155,9,270,11
5,0,2,249,0,3.72,155,9,270,11
5,0,2,249,0,3.78,155,9,270,18
5,0,0,108,0,3.33,156,9,271,13
5,0,2,119,0,3.33,156,9,271,7
5,0,1,134,0,3.15,156,9,271,9
5,0,0,108,0,3.55,156,9,271,18
5,0,2,119,0,3.78,156,9,271,18
5,0,1,134,0,3.32,156,9,271,18
5,0,0,149,0,3.28,156,9,271,11
5,0,2,179,0,3.72,156,9,271,11
5,0,2,85,0,3.33,157,9,272,7
5,0,0,85,0,3.55,157,9,272,18
5,0,1,108,0,3.15,157,9,272,9
5,0,1,108,0,3.32,157,9,272,18
5,0,0,119,0,3.33,157,9,272,13
5,0,2,119,0,3.42,157,9,272,14
5,0,2,119,0,3.78,157,9,272,18
5,0,2,149,0,3.72,157,9,272,11
5,0,2,149,0,3.78,158,9,273,18
5,0,0,169,0,3.33,158,9,273,13
5,0,1,179,0,3.15,158,9,273,9
5,0,0,127,1,7.5,158,9,273,5
5,0,0,128,1,6.0,158,9,273,14
5,0,7,138,1,15.23,158,9,273,19
5,0,0,169,0,3.55,158,9,273,18
5,0,2,209,0,3.33,158,9,273,7
5,0,1,214,0,3.32,158,9,273,18
5,0,2,349,0,3.72,158,9,273,11
5,0,2,349,0,3.42,158,9,273,14
5,0,0,95,0,3.55,159,9,274,18
5,0,2,119,0,3.33,159,9,274,7
5,0,0,119,0,3.33,159,9,274,13
5,0,1,134,0,3.15,159,9,274,9
5,0,1,108,0,3.32,159,9,274,18
5,0,2,149,0,3.72,159,9,274,11
5,0,0,149,0,3.28,159,9,274,11
5,0,2,149,0,3.78,159,9,274,18
5,0,0,80,0,3.33,160,10,275,13
5,0,2,80,0,3.33,160,10,275,7
5,0,2,80,0,3.42,160,10,275,14
5,0,0,80,0,3.55,160,10,275,18
5,0,2,80,0,3.78,160,10,275,18
5,0,1,108,0,3.15,160,10,275,9
5,0,1,108,0,3.32,160,10,275,18
5,0,0,149,0,3.28,160,10,275,11
5,0,0,80,0,3.33,161,10,276,13
5,0,2,80,0,3.33,161,10,276,7
5,0,1,108,0,3.15,161,10,276,9
5,0,0,80,0,3.55,161,10,276,18
5,0,1,108,0,3.32,161,10,276,18
5,0,2,109,0,3.72,161,10,276,11
5,0,2,109,0,3.78,161,10,276,18
5,0,0,149,0,3.28,161,10,276,11
5,0,1,108,0,3.15,162,10,277,9
5,0,2,119,0,3.33,162,10,277,7
5,0,0,119,0,3.33,162,10,277,13
5,0,1,108,0,3.32,162,10,277,18
5,0,0,119,0,3.55,162,10,277,18
5,0,0,128,1,6.0,162,10,277,14
5,0,0,149,0,3.28,162,10,277,11
5,0,2,209,0,3.78,162,10,277,18
5,0,2,249,0,3.72,162,10,277,11
5,0,0,108,0,3.33,163,10,278,13
5,0,2,119,0,3.78,163,10,278,18
5,0,1,134,0,3.15,163,10,278,9
5,0,1,108,0,3.32,163,10,278,18
5,0,0,108,0,3.55,163,10,278,18
5,0,2,149,0,3.33,163,10,278,7
5,0,0,169,0,3.28,163,10,278,11
5,0,2,179,0,3.72,163,10,278,11
5,0,2,85,0,3.33,164,10,279,7
5,0,0,85,0,3.55,164,10,279,18
5,0,1,108,0,3.15,164,10,279,9
5,0,2,85,0,3.78,164,10,279,18
5,0,1,108,0,3.32,164,10,279,18
5,0,0,119,0,3.33,164,10,279,13
5,0,2,149,0,3.72,164,10,279,11
5,0,2,209,0,3.42,164,10,279,14
5,0,2,149,0,3.78,165,10,280,18
5,0,0,169,0,3.33,165,10,280,13
5,0,1,264,0,3.15,165,10,280,9
5,0,0,127,1,7.5,165,10,280,5
5,0,7,174,1,15.65,165,10,280,18
5,0,1,209,0,3.32,165,10,280,18
5,0,2,209,0,3.33,165,10,280,7
5,0,0,219,0,3.28,165,10,280,11
5,0,0,219,0,3.55,165,10,280,18
5,0,2,289,0,3.72,165,10,280,11
5,0,0,95,0,3.55,166,10,281,18
5,0,1,134,0,3.15,166,10,281,9
5,0,1,134,0,3.32,166,10,281,18
5,0,0,158,1,6.18,166,10,281,15
5,0,2,188,1,5.37,166,10,281,17
5,0,0,219,0,3.28,166,10,281,11
5,0,2,249,0,3.33,166,10,281,7
5,0,2,249,0,3.78,166,10,281,18
5,0,2,289,0,3.42,166,10,281,14
5,0,0,80,0,3.55,167,10,282,18
5,0,2,80,0,3.78,167,10,282,18
5,0,1,108,0,3.15,167,10,282,9
5,0,1,108,0,3.32,167,10,282,18
5,0,2,109,0,3.33,167,10,282,7
5,0,0,149,0,3.28,167,10,282,11
5,0,2,209,0,3.72,167,10,282,11
5,0,0,80,0,3.55,168,10,283,18
5,0,2,80,0,3.33,168,10,283,7
5,0,0,95,0,3.28,168,10,283,11
5,0,1,108,0,3.15,168,10,283,9
5,0,1,108,0,3.32,168,10,283,18
5,0,0,127,1,6.45,168,10,283,13
5,0,2,149,0,3.78,168,10,283,18
5,0,2,179,0,3.72,168,10,283,11
5,0,1,134,0,3.32,169,10,284,18
5,0,2,179,0,3.33,169,10,284,7
5,0,0,219,0,3.28,169,10,284,11
5,0,7,158,1,14.07,169,10,284,20
5,0,0,219,0,3.55,169,10,284,18
5,0,2,239,0,3.72,169,10,284,11
5,0,1,264,0,3.15,169,10,284,9
5,0,2,289,0,3.42,169,10,284,14
5,0,0,173,0,3.55,170,10,285,18
5,0,1,179,0,3.15,170,10,285,9
5,0,2,209,0,3.72,170,10,285,11
5,0,1,149,0,3.32,170,10,285,18
5,0,7,164,1,16.32,170,10,285,18
5,0,2,179,0,3.78,170,10,285,18
5,0,0,227,1,6.45,170,10,285,13
5,0,2,239,0,3.33,170,10,285,7
5,0,0,279,0,3.28,170,10,285,11
5,0,0,85,0,3.55,171,10,286,18
5,0,2,119,0,3.33,171,10,286,7
5,0,1,134,0,3.15,171,10,286,9
5,0,0,127,1,6.45,171,10,286,13
5,0,1,134,0,3.32,171,10,286,18
5,0,2,179,0,3.72,171,10,286,11
5,0,2,179,0,3.42,171,10,286,14
5,0,0,219,0,3.28,171,10,286,11
5,0,1,264,0,3.15,172,10,287,9
5,0,2,319,0,3.33,172,10,287,7
5,0,0,349,0,3.28,172,10,287,11
5,0,7,213,1,14.9,172,10,287,19
5,0,0,283,1,9.35,172,10,287,11
5,0,1,329,0,3.32,172,10,287,18
5,0,0,439,0,3.55,172,10,287,18
5,0,2,469,0,3.42,172,10,287,14
5,0,2,469,0,3.78,172,10,287,18
5,0,0,349,0,3.28,173,10,288,11
5,0,0,349,0,3.55,173,10,288,18
5,0,2,469,0,3.33,173,10,288,7
5,0,1,474,0,3.15,173,10,288,9
5,0,7,183,1,14.98,173,10,288,19
5,0,0,238,1,17.42,173,10,288,16
5,0,2,328,1,7.95,173,10,288,15
5,0,1,419,0,3.32,173,10,288,18
5,0,2,469,0,3.72,173,10,288,11
5,0,2,469,0,3.42,173,10,288,14
5,0,0,119,0,3.55,174,10,289,18
5,0,0,169,0,3.28,174,10,289,11
5,0,2,179,0,3.33,174,10,289,7
5,0,0,128,1,6.17,174,10,289,6
5,0,0,128,1,6.18,174,10,289,15
5,0,2,149,1,5.37,174,10,289,17
5,0,2,249,0,3.42,174,10,289,14
5,0,2,249,0,3.78,174,10,289,18
5,0,1,264,0,3.32,174,10,289,18
5,0,1,289,0,3.15,174,10,289,9
5,0,2,80,0,3.33,175,10,290,7
5,0,0,95,0,3.55,175,10,290,18
5,0,1,108,0,3.15,175,10,290,9
5,0,1,108,0,3.32,175,10,290,18
5,0,2,149,0,3.78,175,10,290,18
5,0,2,158,1,6.67,175,10,290,11
5,0,0,219,0,3.28,175,10,290,11
5,0,2,349,0,3.72,175,10,290,11
5,0,1,108,0,3.15,176,10,291,9
5,0,1,134,0,3.32,176,10,291,18
5,0,0,149,0,3.28,176,10,291,11
5,0,0,149,0,3.55,176,10,291,18
5,0,2,179,0,3.33,176,10,291,7
5,0,7,168,1,14.12,176,10,291,20
5,0,2,239,0,3.78,176,10,291,18
5,0,2,279,0,3.72,176,10,291,11
5,0,0,119,0,3.55,177,10,292,18
5,0,1,134,0,3.15,177,10,292,9
5,0,1,134,0,3.32,177,10,292,18
5,0,0,149,0,3.28,177,10,292,11
5,0,2,179,0,3.33,177,10,292,7
5,0,2,179,0,3.78,177,10,292,18
5,0,2,209,0,3.72,177,10,292,11
5,0,2,85,0,3.33,178,10,293,7
5,0,2,85,0,3.78,178,10,293,18
5,0,0,85,0,3.55,178,10,293,18
5,0,1,108,0,3.15,178,10,293,9
5,0,1,108,0,3.32,178,10,293,18
5,0,2,209,0,3.72,178,10,293,11
5,0,2,209,0,3.42,178,10,293,14
5,0,1,214,0,3.15,179,10,294,9
5,0,0,219,0,3.28,179,10,294,11
5,0,2,239,0,3.33,179,10,294,7
5,0,1,209,0,3.32,179,10,294,18
5,0,2,218,1,5.37,179,10,294,17
5,0,0,219,0,3.55,179,10,294,18
5,0,2,239,0,3.78,179,10,294,18
5,0,2,379,0,3.42,179,10,294,14
5,0,2,119,0,3.33,180,10,295,7
5,0,0,119,0,3.55,180,10,295,18
5,0,1,134,0,3.15,180,10,295,9
5,0,1,108,0,3.32,180,10,295,18
5,0,2,119,0,3.78,180,10,295,18
5,0,0,149,0,3.28,180,10,295,11
5,0,2,179,0,3.42,180,10,295,14
5,0,0,80,0,3.55,181,10,296,18
5,0,2,80,0,3.33,181,10,296,7
5,0,2,80,0,3.42,181,10,296,14
5,0,2,80,0,3.78,181,10,296,18
5,0,1,108,0,3.15,181,10,296,9
5,0,1,108,0,3.32,181,10,296,18
5,0,2,109,0,3.72,181,10,296,11
5,0,0,80,0,3.28,182,10,297,11
5,0,2,80,0,3.33,182,10,297,7
5,0,1,108,0,3.15,182,10,297,9
5,0,0,95,0,3.55,182,10,297,18
5,0,1,108,0,3.32,182,10,297,18
5,0,2,109,0,3.72,182,10,297,11
5,0,2,109,0,3.78,182,10,297,18
5,0,1,108,0,3.15,183,10,298,9
5,0,1,108,0,3.32,183,10,298,18
5,0,0,149,0,3.28,183,10,298,11
5,0,2,179,0,3.33,183,10,298,7
5,0,7,148,1,15.15,183,10,298,19
5,0,0,149,0,3.55,183,10,298,18
5,0,2,209,0,3.72,183,10,298,11
5,0,2,239,0,3.42,183,10,298,14
5,0,1,108,0,3.15,184,10,299,9
5,0,0,108,0,3.55,184,10,299,18
5,0,2,119,0,3.78,184,10,299,18
5,0,1,108,0,3.32,184,10,299,18
5,0,0,149,0,3.28,184,10,299,11
5,0,2,179,0,3.33,184,10,299,7
5,0,2,209,0,3.72,184,10,299,11
5,0,2,85,0,3.33,185,10,300,7
5,0,2,85,0,3.72,185,10,300,11
5,0,2,85,0,3.42,185,10,300,14
5,0,0,85,0,3.55,185,10,300,18
5,0,1,108,0,3.15,185,10,300,9
5,0,2,85,0,3.78,185,10,300,18
5,0,1,108,0,3.32,185,10,300,18
5,0,1,149,0,3.23,186,10,301,9
5,0,0,149,0,3.2,186,10,301,16
5,0,2,179,0,3.78,186,10,301,18
5,0,1,179,0,3.3,186,10,301,18
5,0,2,209,0,3.33,186,10,301,7
5,0,0,219,0,3.2,186,10,301,11
5,0,2,319,0,3.72,186,10,301,11
5,0,2,85,0,3.33,187,10,302,7
5,0,2,85,0,3.78,187,10,302,18
5,0,1,108,0,3.23,187,10,302,9
5,0,1,108,0,3.3,187,10,302,18
5,0,2,119,0,3.42,187,10,302,14
5,0,0,119,0,3.2,187,10,302,16
5,0,0,149,0,3.2,187,10,302,11
5,0,0,80,0,3.2,188,10,303,11
5,0,0,80,0,3.2,188,10,303,16
5,0,2,80,0,3.33,188,10,303,7
5,0,2,80,0,3.72,188,10,303,11
5,0,2,80,0,3.42,188,10,303,14
5,0,2,80,0,3.78,188,10,303,18
5,0,1,108,0,3.23,188,10,303,9
5,0,0,80,0,3.2,189,10,304,16
5,0,2,80,0,3.33,189,10,304,7
5,0,2,80,0,3.72,189,10,304,11
5,0,2,80,0,3.78,189,10,304,18
5,0,0,95,0,3.2,189,10,304,11
5,0,1,108,0,3.23,189,10,304,9
5,0,1,108,0,3.3,189,10,304,18
5,0,2,85,0,3.33,190,10,305,7
5,0,0,95,0,3.2,190,10,305,16
5,0,1,108,0,3.23,190,10,305,9
5,0,1,108,0,3.3,190,10,305,18
5,0,2,149,0,3.72,190,10,305,11
5,0,2,149,0,3.42,190,10,305,14
5,0,2,149,0,3.78,190,10,305,18
5,0,0,85,0,3.2,191,11,306,16
5,0,1,108,0,3.23,191,11,306,9
5,0,1,108,0,3.3,191,11,306,18
5,0,2,149,0,3.33,191,11,306,7
5,0,0,149,0,3.2,191,11,306,11
5,0,2,149,0,3.78,191,11,306,18
5,0,2,179,0,3.72,191,11,306,11
5,0,2,85,0,3.33,192,11,307,7
5,0,2,85,0,3.42,192,11,307,14
5,0,2,85,0,3.78,192,11,307,18
5,0,1,108,0,3.23,192,11,307,9
5,0,1,108,0,3.3,192,11,307,18
5,0,0,119,0,3.2,192,11,307,16
5,0,2,149,0,3.72,192,11,307,11
5,0,0,149,0,3.2,193,11,308,16
5,0,2,179,0,3.78,193,11,308,18
5,0,1,209,0,3.23,193,11,308,9
5,0,7,168,1,14.17,193,11,308,20
5,0,1,179,0,3.3,193,11,308,18
5,0,2,209,0,3.33,193,11,308,7
5,0,0,279,0,3.2,193,11,308,11
5,0,2,289,0,3.42,193,11,308,14
5,0,1,108,0,3.3,194,11,309,18
5,0,2,119,0,3.33,194,11,309,7
5,0,2,119,0,3.42,194,11,309,14
5,0,0,119,0,3.2,194,11,309,16
5,0,2,119,0,3.78,194,11,309,18
5,0,1,134,0,3.23,194,11,309,9
5,0,2,149,0,3.72,194,11,309,11
5,0,0,80,0,3.2,195,11,310,11
5,0,2,80,0,3.33,195,11,310,7
5,0,1,108,0,3.23,195,11,310,9
5,0,0,80,0,3.2,195,11,310,16
5,0,2,80,0,3.42,195,11,310,14
5,0,2,80,0,3.78,195,11,310,18
5,0,1,108,0,3.3,195,11,310,18
5,0,0,80,0,3.2,196,11,311,16
5,0,2,80,0,3.33,196,11,311,7
5,0,2,80,0,3.72,196,11,311,11
5,0,1,108,0,3.23,196,11,311,9
5,0,1,108,0,3.3,196,11,311,18
5,0,2,109,0,3.78,196,11,311,18
5,0,0,119,0,3.2,196,11,311,11
5,0,0,95,0,3.2,197,11,312,16
5,0,1,108,0,3.3,197,11,312,18
5,0,0,128,1,6.55,197,11,312,8
5,0,2,179,0,3.78,197,11,312,18
5,0,7,154,1,15.72,197,11,312,18
5,0,0,178,1,5.75,197,11,312,8
5,0,2,209,0,3.42,197,11,312,14
5,0,0,219,0,3.2,197,11,312,11
5,0,2,239,0,3.72,197,11,312,11
5,0,2,319,0,3.33,197,11,312,7
5,0,0,85,0,3.2,198,11,313,16
5,0,1,134,0,3.23,198,11,313,9
5,0,1,134,0,3.3,198,11,313,18
5,0,0,149,0,3.2,198,11,313,11
5,0,2,189,0,3.33,198,11,313,7
5,0,0,127,1,6.2,198,11,313,13
5,0,0,128,1,6.55,198,11,313,8
5,0,2,189,0,3.78,198,11,313,18
5,0,2,249,0,3.72,198,11,313,11
5,0,2,85,0,3.72,199,11,314,11
5,0,2,85,0,3.42,199,11,314,14
5,0,0,95,0,3.2,199,11,314,11
5,0,2,85,0,3.78,199,11,314,18
5,0,1,108,0,3.23,199,11,314,9
5,0,1,108,0,3.3,199,11,314,18
5,0,2,119,0,3.33,199,11,314,7
5,0,2,119,0,3.78,200,11,315,18
5,0,0,169,0,3.2,200,11,315,16
5,0,1,179,0,3.23,200,11,315,9
5,0,7,148,1,15.22,200,11,315,19
5,0,2,149,0,3.33,200,11,315,7
5,0,0,157,1,7.98,200,11,315,7
5,0,1,179,0,3.3,200,11,315,18
5,0,2,259,0,3.72,200,11,315,11
5,0,2,259,0,3.42,200,11,315,14
5,0,0,95,0,3.2,201,11,316,11
5,0,0,95,0,3.2,201,11,316,16
5,0,2,149,0,3.33,201,11,316,7
5,0,1,149,0,3.23,201,11,316,9
5,0,1,134,0,3.3,201,11,316,18
5,0,2,149,0,3.42,201,11,316,14
5,0,2,149,0,3.78,201,11,316,18
5,0,0,80,0,3.2,202,11,317,11
5,0,0,80,0,3.2,202,11,317,16
5,0,2,80,0,3.33,202,11,317,7
5,0,2,80,0,3.72,202,11,317,11
5,0,2,80,0,3.42,202,11,317,14
5,0,2,80,0,3.78,202,11,317,18
5,0,1,108,0,3.23,202,11,317,9
5,0,0,80,0,3.2,203,11,318,16
5,0,2,80,0,3.33,203,11,318,7
5,0,2,80,0,3.78,203,11,318,18
5,0,0,95,0,3.2,203,11,318,11
5,0,1,108,0,3.23,203,11,318,9
5,0,1,108,0,3.3,203,11,318,18
5,0,2,149,0,3.72,203,11,318,11
5,0,1,108,0,3.23,204,11,319,9
5,0,2,119,0,3.33,204,11,319,7
5,0,0,119,0,3.2,204,11,319,16
5,0,1,108,0,3.3,204,11,319,18
5,0,2,149,0,3.72,204,11,319,11
5,0,0,149,0,3.2,204,11,319,11
5,0,2,179,0,3.78,204,11,319,18
5,0,0,108,0,3.2,205,11,320,16
5,0,2,119,0,3.33,205,11,320,7
5,0,1,134,0,3.23,205,11,320,9
5,0,1,134,0,3.3,205,11,320,18
5,0,0,149,0,3.2,205,11,320,11
5,0,2,149,0,3.78,205,11,320,18
5,0,2,179,0,3.72,205,11,320,11
5,0,2,85,0,3.78,206,11,321,18
5,0,1,108,0,3.23,206,11,321,9
5,0,1,108,0,3.3,206,11,321,18
5,0,2,119,0,3.42,206,11,321,14
5,0,0,149,0,3.2,206,11,321,11
5,0,0,127,1,6.0,206,11,321,16
5,0,2,149,0,3.72,206,11,321,11
5,0,0,149,0,3.2,206,11,321,16
5,0,0,119,0,3.2,207,11,322,16
5,0,2,179,0,3.33,207,11,322,7
5,0,1,179,0,3.23,207,11,322,9
5,0,0,157,1,6.63,207,11,322,8
5,0,2,179,0,3.78,207,11,322,18
5,0,1,179,0,3.3,207,11,322,18
5,0,0,279,0,3.2,207,11,322,11
5,0,2,349,0,3.72,207,11,322,11
5,0,0,95,0,3.2,208,11,323,16
5,0,2,119,0,3.33,208,11,323,7
5,0,2,119,0,3.42,208,11,323,14
5,0,1,134,0,3.23,208,11,323,9
5,0,2,119,0,3.78,208,11,323,18
5,0,1,134,0,3.3,208,11,323,18
5,0,2,149,0,3.72,208,11,323,11
5,0,0,80,0,3.2,209,11,324,16
5,0,2,80,0,3.33,209,11,324,7
5,0,0,95,0,3.2,209,11,324,11
5,0,1,108,0,3.23,209,11,324,9
5,0,1,108,0,3.3,209,11,324,18
5,0,2,109,0,3.72,209,11,324,11
5,0,2,109,0,3.42,209,11,324,14
5,0,0,80,0,3.2,210,11,325,16
5,0,2,80,0,3.33,210,11,325,7
5,0,0,95,0,3.2,210,11,325,11
5,0,1,108,0,3.3,210,11,325,18
5,0,1,149,0,3.23,210,11,325,9
5,0,2,149,0,3.72,210,11,325,11
5,0,2,149,0,3.78,210,11,325,18
5,0,0,108,0,3.2,211,11,326,11
5,0,1,134,0,3.23,211,11,326,9
5,0,2,204,0,3.33,211,11,326,7
5,0,0,127,1,7.68,211,11,326,12
5,0,1,134,0,3.3,211,11,326,18
5,0,7,158,1,14.88,211,11,326,19
5,0,0,169,0,3.2,211,11,326,16
5,0,2,234,0,3.72,211,11,326,11
5,0,2,279,0,3.42,211,11,326,14
5,0,1,179,0,3.23,212,11,327,9
5,0,1,179,0,3.3,212,11,327,18
5,0,0,213,0,3.2,212,11,327,16
5,0,2,234,0,3.78,212,11,327,18
5,0,0,259,0,3.2,212,11,327,11
5,0,2,294,0,3.33,212,11,327,7
5,0,2,294,0,3.72,212,11,327,11
5,0,1,149,0,3.3,213,11,328,18
5,0,1,179,0,3.23,213,11,328,9
5,0,0,233,0,3.2,213,11,328,16
5,0,2,244,0,3.33,213,11,328,7
5,0,2,218,1,5.37,213,11,328,17
5,0,2,274,0,3.72,213,11,328,11
5,0,2,274,0,3.78,213,11,328,18
5,0,0,279,0,3.2,213,11,328,11
5,0,0,148,0,3.2,214,11,329,16
5,0,1,209,0,3.23,214,11,329,9
5,0,0,209,0,3.2,214,11,329,11
5,0,2,234,0,3.33,214,11,329,7
5,0,1,179,0,3.3,214,11,329,18
5,0,0,198,1,5.5,214,11,329,13
5,0,2,204,0,3.78,214,11,329,18
5,0,2,369,0,3.42,214,11,329,14
5,0,0,108,0,3.2,215,11,330,11
5,0,0,108,0,3.2,215,11,330,16
5,0,2,119,0,3.78,215,11,330,18
5,0,2,149,0,3.33,215,11,330,7
5,0,2,149,0,3.72,215,11,330,11
5,0,2,149,0,3.42,215,11,330,14
5,0,1,149,0,3.3,215,11,330,18
