Origin,Destination,Airline(s),Price ($),Num Stops,Time to Travel,Access-Departure Days,Travel Month,Travel Day of Year,Travel Hour,Access Day of Year
0,5,0,240,0,2.02,2,4,116,9,114
0,5,0,240,0,1.85,2,4,116,15,114
0,5,2,250,0,1.83,2,4,116,11,114
0,5,2,250,0,1.92,2,4,116,16,114
0,5,1,240,0,1.83,2,4,116,7,114
0,5,2,250,0,1.98,2,4,116,19,114
0,5,2,259,1,3.6,2,4,116,12,114
0,5,1,214,0,1.83,3,4,117,7,114
0,5,0,214,0,2.02,3,4,117,9,114
0,5,2,224,0,1.83,3,4,117,11,114
0,5,0,214,0,1.85,3,4,117,15,114
0,5,2,224,0,1.82,3,4,117,8,114
0,5,2,224,0,1.98,3,4,117,19,114
0,5,2,233,1,3.6,3,4,117,12,114
0,5,1,214,0,1.77,4,4,118,7,114
0,5,0,214,0,2.02,4,4,118,9,114
0,5,2,224,0,1.83,4,4,118,11,114
0,5,0,214,0,1.85,4,4,118,15,114
0,5,2,224,0,1.82,4,4,118,8,114
0,5,2,224,0,1.92,4,4,118,16,114
0,5,2,224,0,1.98,4,4,118,19,114
0,5,0,214,0,1.85,5,4,119,15,114
0,5,2,224,0,1.92,5,4,119,16,114
0,5,2,224,0,1.98,5,4,119,19,114
0,5,1,214,0,1.83,5,4,119,7,114
0,5,0,214,0,2.02,5,4,119,9,114
0,5,2,224,0,1.82,5,4,119,8,114
0,5,1,214,0,1.83,6,4,120,7,114
0,5,0,214,0,2.02,6,4,120,9,114
0,5,2,224,0,1.83,6,4,120,11,114
0,5,7,188,1,7.72,6,4,120,11,114
0,5,0,214,0,1.85,6,4,120,15,114
0,5,2,224,0,1.82,6,4,120,8,114
0,5,2,224,0,1.92,6,4,120,16,114
0,5,2,224,0,1.98,6,4,120,19,114
0,5,1,104,0,1.83,7,4,121,7,114
0,5,0,104,0,2.02,7,4,121,9,114
0,5,2,114,0,1.92,7,4,121,16,114
0,5,0,104,0,1.85,7,4,121,15,114
0,5,2,114,0,1.82,7,4,121,8,114
0,5,2,114,0,1.98,7,4,121,19,114
0,5,0,104,0,2.02,8,5,122,9,114
0,5,1,104,0,1.83,8,5,122,14,114
0,5,2,114,0,1.83,8,5,122,11,114
0,5,2,114,0,1.92,8,5,122,16,114
0,5,1,104,0,1.93,8,5,122,8,114
0,5,2,114,0,1.82,8,5,122,8,114
0,5,1,104,0,1.93,9,5,123,8,114
0,5,0,104,0,2.02,9,5,123,9,114
0,5,2,114,0,1.87,9,5,123,8,114
0,5,2,149,0,1.83,9,5,123,11,114
0,5,0,149,0,1.85,9,5,123,15,114
0,5,2,149,0,1.92,9,5,123,16,114
0,5,2,149,0,1.98,9,5,123,19,114
0,5,2,114,0,1.92,10,5,124,16,114
0,5,2,114,0,1.98,10,5,124,19,114
0,5,0,129,0,1.85,10,5,124,15,114
0,5,0,112,1,6.42,10,5,124,5,114
0,5,2,149,0,1.87,10,5,124,8,114
0,5,0,149,0,2.02,10,5,124,9,114
0,5,2,159,0,1.83,10,5,124,11,114
0,5,1,160,0,1.83,10,5,124,14,114
0,5,0,104,0,2.02,11,5,125,9,114
0,5,1,104,0,1.83,11,5,125,14,114
0,5,2,114,0,1.83,11,5,125,11,114
0,5,1,104,0,1.93,11,5,125,8,114
0,5,2,114,0,1.87,11,5,125,8,114
0,5,2,114,0,1.92,11,5,125,16,114
0,5,1,104,0,1.92,12,5,126,8,114
0,5,0,104,0,2.02,12,5,126,9,114
0,5,2,114,0,1.87,12,5,126,8,114
0,5,0,129,0,1.85,12,5,126,15,114
0,5,2,189,0,1.92,12,5,126,16,114
0,5,2,189,0,1.98,12,5,126,19,114
0,5,1,214,0,1.82,12,5,126,14,114
0,5,1,104,0,1.93,13,5,127,8,114
0,5,0,104,0,2.03,13,5,127,8,114
0,5,2,114,0,1.92,13,5,127,16,114
0,5,2,114,0,1.98,13,5,127,19,114
0,5,0,149,0,1.67,13,5,127,15,114
0,5,2,159,0,1.87,13,5,127,8,114
0,5,1,179,0,1.83,13,5,127,14,114
0,5,1,104,0,1.83,14,5,128,14,114
0,5,2,114,0,1.82,14,5,128,11,114
0,5,1,104,0,1.93,14,5,128,8,114
0,5,0,104,0,2.03,14,5,128,8,114
0,5,2,114,0,1.85,14,5,128,15,114
0,5,2,114,0,1.85,14,5,128,18,114
0,5,1,104,0,1.83,15,5,129,14,114
0,5,2,114,0,1.7,15,5,129,8,114
0,5,1,104,0,1.93,15,5,129,8,114
0,5,0,104,0,2.03,15,5,129,8,114
0,5,2,149,0,1.85,15,5,129,15,114
0,5,2,189,0,1.82,15,5,129,11,114
0,5,0,108,0,2.03,16,5,130,8,114
0,5,2,118,0,1.7,16,5,130,8,114
0,5,0,129,0,1.67,16,5,130,15,114
0,5,1,149,0,1.93,16,5,130,8,114
0,5,0,116,1,4.43,16,5,130,6,114
0,5,7,148,1,7.63,16,5,130,11,114
0,5,2,189,0,1.82,16,5,130,11,114
0,5,2,189,0,1.85,16,5,130,15,114
0,5,1,209,0,1.83,16,5,130,14,114
0,5,2,149,0,1.85,17,5,131,18,114
0,5,0,174,0,1.67,17,5,131,15,114
0,5,1,179,0,1.83,17,5,131,14,114
0,5,0,116,1,4.67,17,5,131,8,114
0,5,0,174,0,2.03,17,5,131,8,114
0,5,1,209,0,1.93,17,5,131,8,114
0,5,2,219,0,1.7,17,5,131,8,114
0,5,2,269,0,1.85,17,5,131,15,114
0,5,1,108,0,1.83,18,5,132,14,114
0,5,2,118,0,1.82,18,5,132,11,114
0,5,1,108,0,1.93,18,5,132,8,114
0,5,0,108,0,2.03,18,5,132,8,114
0,5,2,118,0,1.7,18,5,132,8,114
0,5,2,118,0,1.85,18,5,132,15,114
0,5,1,108,0,1.93,19,5,133,8,114
0,5,0,108,0,2.03,19,5,133,8,114
0,5,2,118,0,1.7,19,5,133,8,114
0,5,0,116,1,4.83,19,5,133,14,114
0,5,2,158,0,1.85,19,5,133,15,114
0,5,0,174,0,1.67,19,5,133,15,114
0,5,1,179,0,1.83,19,5,133,14,114
0,5,2,189,0,1.85,19,5,133,18,114
0,5,1,108,0,1.93,20,5,134,8,114
0,5,0,108,0,2.03,20,5,134,8,114
0,5,2,118,0,1.85,20,5,134,18,114
0,5,0,145,0,1.67,20,5,134,15,114
0,5,1,149,0,1.83,20,5,134,14,114
0,5,2,189,0,1.82,20,5,134,11,114
0,5,2,189,0,1.85,20,5,134,15,114
0,5,0,64,0,2.03,21,5,135,8,114
0,5,1,64,0,1.83,21,5,135,14,114
0,5,2,74,0,1.85,21,5,135,15,114
0,5,1,64,0,1.93,21,5,135,8,114
0,5,2,80,0,1.85,21,5,135,18,114
0,5,0,95,0,1.67,21,5,135,15,114
0,5,2,119,0,1.7,21,5,135,8,114
0,5,1,64,0,1.93,22,5,136,8,114
0,5,0,64,0,2.03,22,5,136,8,114
0,5,2,80,0,1.7,22,5,136,8,114
0,5,2,80,0,1.82,22,5,136,11,114
0,5,0,95,0,1.67,22,5,136,15,114
0,5,1,108,0,1.83,22,5,136,14,114
0,5,2,119,0,1.85,22,5,136,15,114
0,5,1,134,0,1.83,23,5,137,14,114
0,5,0,169,0,2.03,23,5,137,8,114
0,5,0,219,0,1.67,23,5,137,15,114
0,5,2,259,0,1.85,23,5,137,15,114
0,5,7,158,1,7.63,23,5,137,11,114
0,5,1,209,0,1.93,23,5,137,8,114
0,5,2,259,0,1.7,23,5,137,8,114
0,5,2,259,0,1.85,23,5,137,18,114
0,5,2,189,0,1.85,24,5,138,18,114
0,5,0,219,0,1.67,24,5,138,15,114
0,5,7,148,1,7.63,24,5,138,11,114
0,5,1,264,0,1.83,24,5,138,14,114
0,5,2,289,0,1.7,24,5,138,8,114
0,5,0,289,0,2.03,24,5,138,8,114
0,5,2,289,0,1.85,24,5,138,15,114
0,5,1,329,0,1.93,24,5,138,8,114
0,5,0,119,0,2.03,25,5,139,8,114
0,5,0,145,0,1.67,25,5,139,15,114
0,5,1,149,0,1.83,25,5,139,14,114
0,5,2,189,0,1.7,25,5,139,8,114
0,5,1,179,0,1.93,25,5,139,8,114
0,5,2,189,0,1.82,25,5,139,11,114
0,5,2,219,0,1.85,25,5,139,15,114
0,5,1,179,0,1.93,26,5,140,8,114
0,5,1,264,0,1.83,26,5,140,14,114
0,5,0,289,0,1.67,26,5,140,15,114
0,5,2,359,0,1.85,26,5,140,18,114
0,5,0,181,1,4.45,26,5,140,5,114
0,5,7,248,1,7.63,26,5,140,11,114
0,5,0,289,0,2.03,26,5,140,8,114
0,5,2,359,0,1.7,26,5,140,8,114
0,5,2,359,0,1.82,26,5,140,11,114
0,5,1,179,0,1.83,27,5,141,14,114
0,5,2,219,0,1.7,27,5,141,8,114
0,5,0,168,1,16.27,27,5,141,14,114
0,5,1,179,0,1.93,27,5,141,8,114
0,5,7,195,1,7.63,27,5,141,11,114
0,5,2,219,0,1.85,27,5,141,15,114
0,5,2,259,0,1.85,27,5,141,18,114
0,5,0,289,0,2.03,27,5,141,8,114
0,5,2,80,0,1.85,28,5,142,15,114
0,5,2,80,0,1.85,28,5,142,18,114
0,5,1,108,0,1.83,28,5,142,14,114
0,5,0,119,0,1.67,28,5,142,15,114
0,5,0,103,1,4.27,28,5,142,11,114
0,5,1,108,0,1.93,28,5,142,8,114
0,5,0,145,0,2.03,28,5,142,8,114
0,5,2,189,0,1.7,28,5,142,8,114
0,5,0,64,0,2.03,29,5,143,8,114
0,5,2,80,0,1.7,29,5,143,8,114
0,5,0,95,0,1.67,29,5,143,15,114
0,5,1,108,0,1.83,29,5,143,14,114
0,5,1,108,0,1.93,29,5,143,8,114
0,5,2,155,0,1.85,29,5,143,18,114
0,5,2,219,0,1.82,29,5,143,11,114
0,5,0,145,0,2.03,30,5,144,8,114
0,5,1,214,0,1.83,30,5,144,14,114
0,5,2,218,0,1.85,30,5,144,15,114
0,5,2,249,0,1.7,30,5,144,8,114
0,5,2,249,0,1.82,30,5,144,11,114
0,5,1,264,0,1.93,30,5,144,8,114
0,5,0,289,0,1.67,30,5,144,15,114
0,5,2,198,0,1.85,31,5,145,18,114
0,5,0,219,0,2.03,31,5,145,8,114
0,5,1,289,0,1.83,31,5,145,14,114
0,5,0,211,1,15.63,31,5,145,15,114
0,5,2,259,0,1.7,31,5,145,8,114
0,5,0,289,0,1.67,31,5,145,15,114
0,5,1,329,0,1.93,31,5,145,8,114
0,5,2,329,0,1.82,31,5,145,11,114
0,5,2,95,0,1.85,32,5,146,15,114
0,5,0,119,0,1.67,32,5,146,15,114
0,5,1,134,0,1.83,32,5,146,14,114
0,5,1,134,0,1.93,32,5,146,8,114
0,5,0,145,0,2.03,32,5,146,8,114
0,5,2,158,0,1.7,32,5,146,8,114
0,5,2,189,0,1.85,32,5,146,18,114
0,5,1,59,0,1.93,33,5,147,8,114
0,5,1,59,0,1.83,33,5,147,14,114
0,5,2,80,0,1.7,33,5,147,8,114
0,5,2,80,0,1.85,33,5,147,18,114
0,5,0,119,0,1.67,33,5,147,15,114
0,5,0,95,0,2.03,33,5,147,8,114
0,5,2,129,0,1.82,33,5,147,11,114
0,5,2,95,0,1.7,34,5,148,8,114
0,5,0,145,0,2.03,34,5,148,8,114
0,5,1,179,0,1.93,34,5,148,8,114
0,5,2,189,0,1.82,34,5,148,11,114
0,5,0,103,1,6.33,34,5,148,8,114
0,5,2,189,0,1.85,34,5,148,18,114
0,5,1,214,0,1.83,34,5,148,14,114
0,5,2,219,0,1.85,34,5,148,15,114
0,5,1,59,0,1.93,35,5,149,8,114
0,5,1,59,0,1.83,35,5,149,14,114
0,5,0,95,0,2.03,35,5,149,8,114
0,5,2,119,0,1.7,35,5,149,8,114
0,5,2,119,0,1.82,35,5,149,11,114
0,5,2,119,0,1.85,35,5,149,15,114
0,5,2,119,0,1.85,35,5,149,18,114
0,5,0,95,0,2.03,36,5,150,8,114
0,5,1,108,0,1.83,36,5,150,14,114
0,5,0,103,1,4.45,36,5,150,5,114
0,5,1,108,0,1.93,36,5,150,8,114
0,5,2,158,0,1.7,36,5,150,8,114
0,5,2,158,0,1.85,36,5,150,18,114
0,5,2,299,0,1.82,36,5,150,11,114
0,5,0,145,0,2.03,37,5,151,8,114
0,5,1,209,0,1.93,37,5,151,8,114
0,5,0,219,0,1.67,37,5,151,15,114
0,5,2,289,0,1.7,37,5,151,8,114
0,5,7,125,1,8.63,37,5,151,11,114
0,5,0,127,1,4.43,37,5,151,6,114
0,5,2,198,1,7.0,37,5,151,12,114
0,5,1,329,0,1.83,37,5,151,14,114
0,5,2,399,0,1.85,37,5,151,18,114
0,5,2,479,0,1.85,37,5,151,15,114
0,5,0,157,1,4.27,38,5,152,11,114
0,5,1,209,0,1.83,38,5,152,14,114
0,5,0,219,0,2.03,38,5,152,8,114
0,5,2,259,0,1.85,38,5,152,18,114
0,5,0,127,1,6.68,38,5,152,5,114
0,5,0,157,1,4.45,38,5,152,5,114
0,5,0,177,1,4.67,38,5,152,8,114
0,5,0,177,1,4.83,38,5,152,14,114
0,5,4,257,1,10.98,38,5,152,18,114
0,5,0,289,0,1.67,38,5,152,15,114
0,5,1,329,0,1.93,38,5,152,8,114
0,5,2,399,0,1.7,38,5,152,8,114
0,5,2,399,0,1.75,38,5,152,11,114
0,5,0,95,0,2.03,39,6,153,8,114
0,5,1,108,0,1.83,39,6,153,15,114
0,5,2,129,0,1.7,39,6,153,8,114
0,5,1,108,0,1.93,39,6,153,8,114
0,5,0,145,0,1.67,39,6,153,15,114
0,5,2,158,0,1.85,39,6,153,18,114
0,5,2,189,0,1.75,39,6,153,11,114
0,5,0,120,0,2.03,40,6,154,8,114
0,5,2,129,0,1.7,40,6,154,8,114
0,5,1,134,0,1.93,40,6,154,8,114
0,5,0,103,1,4.45,40,6,154,5,114
0,5,0,103,1,4.67,40,6,154,8,114
0,5,2,189,0,1.75,40,6,154,11,114
0,5,1,209,0,1.83,40,6,154,14,114
0,5,0,219,0,1.67,40,6,154,15,114
0,5,2,219,0,1.85,40,6,154,18,114
0,5,1,85,0,1.83,41,6,155,14,114
0,5,1,108,0,1.93,41,6,155,8,114
0,5,0,120,0,2.03,41,6,155,8,114
0,5,0,120,0,1.67,41,6,155,15,114
0,5,2,158,0,1.85,41,6,155,15,114
0,5,7,130,1,5.98,41,6,155,11,114
0,5,2,189,0,1.75,41,6,155,11,114
0,5,2,189,0,1.85,41,6,155,18,114
0,5,1,64,0,1.93,42,6,156,8,114
0,5,0,95,0,2.03,42,6,156,8,114
0,5,1,108,0,1.83,42,6,156,14,114
0,5,2,158,0,1.75,42,6,156,11,114
0,5,0,145,0,1.67,42,6,156,15,114
0,5,2,158,0,1.7,42,6,156,8,114
0,5,2,189,0,1.85,42,6,156,15,114
0,5,1,64,0,1.93,43,6,157,8,114
0,5,2,90,0,1.85,43,6,157,18,114
0,5,0,95,0,1.95,43,6,157,8,114
0,5,0,104,1,3.33,43,6,157,14,114
0,5,1,108,0,1.83,43,6,157,14,114
0,5,0,145,0,1.85,43,6,157,15,114
0,5,2,158,0,1.7,43,6,157,8,114
0,5,2,189,0,1.75,43,6,157,11,114
0,5,0,120,0,1.95,44,6,158,8,114
0,5,1,149,0,1.85,44,6,158,14,114
0,5,2,155,0,1.85,44,6,158,18,114
0,5,0,104,1,3.93,44,6,158,15,114
0,5,1,149,0,1.95,44,6,158,8,114
0,5,2,155,0,1.7,44,6,158,8,114
0,5,0,173,0,1.85,44,6,158,15,114
0,5,2,189,0,1.85,44,6,158,15,114
0,5,0,173,0,1.95,45,6,159,8,114
0,5,0,173,0,1.85,45,6,159,15,114
0,5,2,189,0,1.97,45,6,159,15,114
0,5,1,209,0,1.85,45,6,159,14,114
0,5,0,128,1,6.2,45,6,159,7,114
0,5,2,219,0,1.75,45,6,159,8,114
0,5,2,219,0,2.02,45,6,159,18,114
0,5,1,264,0,1.95,45,6,159,8,114
0,5,1,134,0,1.85,46,6,160,14,114
0,5,0,145,0,1.9,46,6,160,8,114
0,5,2,155,0,1.73,46,6,160,11,114
0,5,0,104,1,3.97,46,6,160,15,114
0,5,1,134,0,1.95,46,6,160,8,114
0,5,0,173,0,1.85,46,6,160,15,114
0,5,2,189,0,1.75,46,6,160,8,114
0,5,2,189,0,1.97,46,6,160,15,114
0,5,0,120,0,1.8,47,6,161,8,114
0,5,1,134,0,1.95,47,6,161,8,114
0,5,2,219,0,1.73,47,6,161,11,114
0,5,1,209,0,1.85,47,6,161,14,114
0,5,2,219,0,1.75,47,6,161,8,114
0,5,2,259,0,1.97,47,6,161,15,114
0,5,0,289,0,1.85,47,6,161,15,114
0,5,0,120,0,1.95,48,6,162,8,114
0,5,1,134,0,1.95,48,6,162,8,114
0,5,1,134,0,1.85,48,6,162,14,114
0,5,0,173,0,1.85,48,6,162,15,114
0,5,2,219,0,1.75,48,6,162,8,114
0,5,7,140,1,7.88,48,6,162,11,114
0,5,2,289,0,1.73,48,6,162,11,114
0,5,2,289,0,2.02,48,6,162,18,114
0,5,1,64,0,1.95,49,6,163,8,114
0,5,0,64,0,1.95,49,6,163,8,114
0,5,2,119,0,1.73,49,6,163,11,114
0,5,0,104,1,3.33,49,6,163,14,114
0,5,0,104,1,3.93,49,6,163,15,114
0,5,1,108,0,1.85,49,6,163,14,114
0,5,2,119,0,1.75,49,6,163,8,114
0,5,0,119,0,1.85,49,6,163,15,114
0,5,2,189,0,1.97,49,6,163,15,114
0,5,1,64,0,1.95,50,6,164,8,114
0,5,0,95,0,1.95,50,6,164,8,114
0,5,2,119,0,1.75,50,6,164,8,114
0,5,1,108,0,1.85,50,6,164,14,114
0,5,0,145,0,1.85,50,6,164,15,114
0,5,2,155,0,2.02,50,6,164,18,114
0,5,2,189,0,1.73,50,6,164,11,114
0,5,1,108,0,1.72,51,6,165,8,114
0,5,0,120,0,1.95,51,6,165,8,114
0,5,2,155,0,1.75,51,6,165,8,114
0,5,2,164,1,3.82,51,6,165,12,114
0,5,0,173,0,1.85,51,6,165,15,114
0,5,1,179,0,1.88,51,6,165,15,114
0,5,2,219,0,1.73,51,6,165,11,114
0,5,2,219,0,1.97,51,6,165,15,114
0,5,0,173,0,1.85,52,6,166,15,114
0,5,1,179,0,1.88,52,6,166,15,114
0,5,2,189,0,1.75,52,6,166,8,114
0,5,0,147,1,8.22,52,6,166,23,114
0,5,7,170,1,7.6,52,6,166,11,114
0,5,0,173,0,1.95,52,6,166,8,114
0,5,1,209,0,1.72,52,6,166,8,114
0,5,2,219,0,1.73,52,6,166,11,114
0,5,2,219,0,2.02,52,6,166,18,114
0,5,1,108,0,1.72,53,6,167,8,114
0,5,2,129,0,1.73,53,6,167,11,114
0,5,0,145,0,1.9,53,6,167,8,114
0,5,2,129,0,2.02,53,6,167,18,114
0,5,0,154,1,3.62,53,6,167,14,114
0,5,2,155,0,1.75,53,6,167,8,114
0,5,2,155,0,1.97,53,6,167,15,114
0,5,0,145,0,1.8,54,6,168,8,114
0,5,1,179,0,1.88,54,6,168,15,114
0,5,2,189,0,1.73,54,6,168,11,114
0,5,1,179,0,1.72,54,6,168,8,114
0,5,2,219,0,1.75,54,6,168,8,114
0,5,0,289,0,1.85,54,6,168,15,114
0,5,2,399,0,1.97,54,6,168,15,114
0,5,0,145,0,1.95,55,6,169,8,114
0,5,1,149,0,1.72,55,6,169,8,114
0,5,2,189,0,1.73,55,6,169,11,114
0,5,0,154,1,3.33,55,6,169,14,114
0,5,7,170,1,7.6,55,6,169,11,114
0,5,0,173,0,1.85,55,6,169,15,114
0,5,2,189,0,1.75,55,6,169,8,114
0,5,1,209,0,1.88,55,6,169,15,114
0,5,2,299,0,1.97,55,6,169,15,114
0,5,0,95,0,1.95,56,6,170,8,114
0,5,1,108,0,1.72,56,6,170,8,114
0,5,2,119,0,1.75,56,6,170,8,114
0,5,1,108,0,1.88,56,6,170,15,114
0,5,0,145,0,1.85,56,6,170,15,114
0,5,2,155,0,1.73,56,6,170,11,114
0,5,2,219,0,2.02,56,6,170,18,114
0,5,0,104,1,3.33,57,6,171,14,114
0,5,1,134,0,1.72,57,6,171,8,114
0,5,1,134,0,1.88,57,6,171,15,114
0,5,0,145,0,1.95,57,6,171,8,114
0,5,2,155,0,2.02,57,6,171,18,114
0,5,0,104,1,3.93,57,6,171,15,114
0,5,2,189,0,1.75,57,6,171,8,114
0,5,2,189,0,1.97,57,6,171,15,114
0,5,2,219,0,1.73,57,6,171,11,114
0,5,0,173,0,1.85,58,6,172,15,114
0,5,1,209,0,1.88,58,6,172,15,114
0,5,2,219,0,1.73,58,6,172,11,114
0,5,0,219,0,1.95,58,6,172,8,114
0,5,1,264,0,1.72,58,6,172,8,114
0,5,2,299,0,1.97,58,6,172,15,114
0,5,2,329,0,1.75,58,6,172,8,114
0,5,0,173,0,1.95,59,6,173,8,114
0,5,0,173,0,1.85,59,6,173,15,114
0,5,1,179,0,1.72,59,6,173,8,114
0,5,2,219,0,2.02,59,6,173,18,114
0,5,7,173,1,7.87,59,6,173,11,114
0,5,1,264,0,1.88,59,6,173,15,114
0,5,2,299,0,1.97,59,6,173,15,114
0,5,2,399,0,1.75,59,6,173,8,114
0,5,0,173,0,1.9,60,6,174,8,114
0,5,1,214,0,1.72,60,6,174,8,114
0,5,2,219,0,1.75,60,6,174,8,114
0,5,2,319,0,1.97,60,6,174,15,114
0,5,2,319,0,2.02,60,6,174,18,114
0,5,0,349,0,1.85,60,6,174,15,114
0,5,0,173,0,1.8,61,6,175,8,114
0,5,1,179,0,1.72,61,6,175,8,114
0,5,2,299,0,1.73,61,6,175,11,114
0,5,7,233,1,7.18,61,6,175,11,114
0,5,1,289,0,1.88,61,6,175,15,114
0,5,2,329,0,1.97,61,6,175,15,114
0,5,0,349,0,1.85,61,6,175,15,114
0,5,2,399,0,1.75,61,6,175,8,114
0,5,0,120,0,1.95,62,6,176,8,114
0,5,1,134,0,1.72,62,6,176,8,114
0,5,1,149,0,1.88,62,6,176,15,114
0,5,0,173,0,1.85,62,6,176,15,114
0,5,2,189,0,1.73,62,6,176,11,114
0,5,2,299,0,1.75,62,6,176,8,114
0,5,2,399,0,1.97,62,6,176,15,114
0,5,1,108,0,1.72,63,6,177,8,114
0,5,0,119,0,1.95,63,6,177,8,114
0,5,0,145,0,1.85,63,6,177,15,114
0,5,1,149,0,1.88,63,6,177,15,114
0,5,2,155,0,1.75,63,6,177,8,114
0,5,2,219,0,1.73,63,6,177,11,114
0,5,2,359,0,1.97,63,6,177,15,114
0,5,1,134,0,1.72,64,6,178,8,114
0,5,0,145,0,1.95,64,6,178,8,114
0,5,1,179,0,1.88,64,6,178,15,114
0,5,2,219,0,1.73,64,6,178,11,114
0,5,2,219,0,1.75,64,6,178,8,114
0,5,0,219,0,1.85,64,6,178,15,114
0,5,2,259,0,2.02,64,6,178,18,114
0,5,0,173,0,1.95,65,6,179,8,114
0,5,1,179,0,1.88,65,6,179,15,114
0,5,2,279,0,1.73,65,6,179,11,114
0,5,1,209,0,1.72,65,6,179,8,114
0,5,7,225,1,7.93,65,6,179,11,114
0,5,2,279,0,1.97,65,6,179,15,114
0,5,0,289,0,1.85,65,6,179,15,114
0,5,2,319,0,1.75,65,6,179,8,114
0,5,1,209,0,1.72,66,6,180,8,114
0,5,1,209,0,1.88,66,6,180,15,114
0,5,0,289,0,1.95,66,6,180,8,114
0,5,0,289,0,1.85,66,6,180,15,114
0,5,2,319,0,1.97,66,6,180,15,114
0,5,2,419,0,1.75,66,6,180,8,114
0,5,2,419,0,1.73,66,6,180,11,114
0,5,2,155,0,1.97,67,6,181,15,114
0,5,0,173,0,1.9,67,6,181,8,114
0,5,1,264,0,1.72,67,6,181,8,114
0,5,2,279,0,1.75,67,6,181,8,114
0,5,0,289,0,1.85,67,6,181,15,114
0,5,2,319,0,1.73,67,6,181,11,114
0,5,0,173,0,1.8,68,6,182,8,114
0,5,1,179,0,1.88,68,6,182,15,114
0,5,2,259,0,1.73,68,6,182,11,114
0,5,1,209,0,1.72,68,6,182,8,114
0,5,2,219,0,1.75,68,6,182,8,114
0,5,0,289,0,1.85,68,6,182,15,114
0,5,2,359,0,1.97,68,6,182,15,114
0,5,1,108,0,1.72,69,7,183,8,114
0,5,2,129,0,1.73,69,7,183,11,114
0,5,1,134,0,1.88,69,7,183,15,114
0,5,0,173,0,1.85,69,7,183,15,114
0,5,0,173,0,1.95,69,7,183,8,114
0,5,2,219,0,1.75,69,7,183,8,114
0,5,2,289,0,1.97,69,7,183,15,114
0,5,0,104,1,3.33,70,7,184,14,114
0,5,1,108,0,1.72,70,7,184,8,114
0,5,1,108,0,1.88,70,7,184,15,114
0,5,0,145,0,1.95,70,7,184,8,114
0,5,2,155,0,1.73,70,7,184,11,114
0,5,0,103,1,6.25,70,7,184,6,114
0,5,0,145,0,1.85,70,7,184,15,114
0,5,2,155,0,1.97,70,7,184,15,114
0,5,2,189,0,1.75,70,7,184,8,114
0,5,0,95,0,1.95,71,7,185,8,114
0,5,1,149,0,1.88,71,7,185,15,114
0,5,2,189,0,1.73,71,7,185,11,114
0,5,1,149,0,1.72,71,7,185,8,114
0,5,0,173,0,1.85,71,7,185,15,114
0,5,7,188,1,9.7,71,7,185,11,114
0,5,2,189,0,1.75,71,7,185,8,114
0,5,2,319,0,1.97,71,7,185,15,114
0,5,2,80,0,1.75,72,7,186,8,114
0,5,1,108,0,1.88,72,7,186,15,114
0,5,0,145,0,1.85,72,7,186,15,114
0,5,1,108,0,1.72,72,7,186,8,114
0,5,0,145,0,1.95,72,7,186,8,114
0,5,2,155,0,1.97,72,7,186,15,114
0,5,2,189,0,1.73,72,7,186,11,114
0,5,1,108,0,1.88,73,7,187,15,114
0,5,0,120,0,1.97,73,7,187,8,114
0,5,2,129,0,1.97,73,7,187,15,114
0,5,0,103,1,4.27,73,7,187,5,114
0,5,1,134,0,1.72,73,7,187,8,114
0,5,2,189,0,2.02,73,7,187,18,114
0,5,2,219,0,1.75,73,7,187,8,114
0,5,2,219,0,1.73,73,7,187,11,114
0,5,2,129,0,1.97,74,7,188,15,114
0,5,1,134,0,1.77,74,7,188,8,114
0,5,0,145,0,1.95,74,7,188,8,114
0,5,2,155,0,1.75,74,7,188,8,114
0,5,2,155,0,2.02,74,7,188,18,114
0,5,0,173,0,1.9,74,7,188,15,114
0,5,2,129,0,1.75,75,7,189,8,114
0,5,1,179,0,1.77,75,7,189,8,114
0,5,1,209,0,1.75,75,7,189,14,114
0,5,0,289,0,1.9,75,7,189,15,114
0,5,0,227,1,4.35,75,7,189,21,114
0,5,0,289,0,1.97,75,7,189,8,114
0,5,2,299,0,1.73,75,7,189,11,114
0,5,2,339,0,2.02,75,7,189,18,114
0,5,1,134,0,1.77,76,7,190,8,114
0,5,1,149,0,1.75,76,7,190,14,114
0,5,2,155,0,1.82,76,7,190,11,114
0,5,0,219,0,1.97,76,7,190,8,114
0,5,0,182,1,3.75,76,7,190,15,114
0,5,2,279,0,2.02,76,7,190,18,114
0,5,0,289,0,1.9,76,7,190,15,114
0,5,2,319,0,1.97,76,7,190,15,114
0,5,1,64,0,1.77,77,7,191,8,114
0,5,2,119,0,1.75,77,7,191,8,114
0,5,0,119,0,1.9,77,7,191,15,114
0,5,1,108,0,1.75,77,7,191,14,114
0,5,0,119,0,1.97,77,7,191,8,114
0,5,2,155,0,1.97,77,7,191,15,114
0,5,2,219,0,1.82,77,7,191,11,114
0,5,0,95,0,1.97,78,7,192,8,114
0,5,1,108,0,1.77,78,7,192,8,114
0,5,2,119,0,2.02,78,7,192,18,114
0,5,0,104,1,3.62,78,7,192,14,114
0,5,0,104,1,3.75,78,7,192,15,114
0,5,2,155,0,1.75,78,7,192,8,114
0,5,2,155,0,1.97,78,7,192,15,114
0,5,1,209,0,1.75,78,7,192,14,114
0,5,2,219,0,1.82,78,7,192,11,114
0,5,1,108,0,1.77,79,7,193,8,114
0,5,1,134,0,1.75,79,7,193,14,114
0,5,0,173,0,1.9,79,7,193,15,114
0,5,2,189,0,1.82,79,7,193,11,114
0,5,0,173,0,1.97,79,7,193,8,114
0,5,7,183,1,7.67,79,7,193,11,114
0,5,2,189,0,2.02,79,7,193,18,114
0,5,2,219,0,1.75,79,7,193,8,114
0,5,1,108,0,1.75,80,7,194,14,114
0,5,2,155,0,1.97,80,7,194,15,114
0,5,0,173,0,1.9,80,7,194,15,114
0,5,0,129,1,3.75,80,7,194,15,114
0,5,2,155,0,2.02,80,7,194,18,114
0,5,0,173,0,1.97,80,7,194,8,114
0,5,1,179,0,1.77,80,7,194,8,114
0,5,2,189,0,1.75,80,7,194,8,114
0,5,1,134,0,1.77,81,7,195,8,114
0,5,0,145,0,1.95,81,7,195,8,114
0,5,2,155,0,1.82,81,7,195,11,114
0,5,0,127,1,6.18,81,7,195,8,114
0,5,2,155,0,1.75,81,7,195,8,114
0,5,2,155,0,1.97,81,7,195,15,114
0,5,2,155,0,2.02,81,7,195,18,114
0,5,1,108,0,1.77,82,7,196,8,114
0,5,0,145,0,1.97,82,7,196,8,114
0,5,1,149,0,1.75,82,7,196,14,114
0,5,2,259,0,1.97,82,7,196,15,114
0,5,7,218,1,11.0,82,7,196,8,114
0,5,2,259,0,1.75,82,7,196,8,114
0,5,2,259,0,2.02,82,7,196,18,114
0,5,0,289,0,1.9,82,7,196,15,114
0,5,1,108,0,1.77,83,7,197,8,114
0,5,0,145,0,1.97,83,7,197,8,114
0,5,2,189,0,2.02,83,7,197,18,114
0,5,7,140,1,7.43,83,7,197,11,114
0,5,0,173,0,1.9,83,7,197,15,114
0,5,1,179,0,1.75,83,7,197,14,114
0,5,2,219,0,1.82,83,7,197,11,114
0,5,2,399,0,1.75,83,7,197,8,114
0,5,1,64,0,1.77,84,7,198,8,114
0,5,1,108,0,1.75,84,7,198,14,114
0,5,0,119,0,1.97,84,7,198,8,114
0,5,0,119,0,1.9,84,7,198,15,114
0,5,2,155,0,1.75,84,7,198,8,114
0,5,0,104,1,3.75,84,7,198,15,114
0,5,2,189,0,1.82,84,7,198,11,114
0,5,2,189,0,1.97,84,7,198,15,114
0,5,1,108,0,1.77,85,7,199,8,114
0,5,1,108,0,1.75,85,7,199,14,114
0,5,0,119,0,1.97,85,7,199,8,114
0,5,2,119,0,1.75,85,7,199,8,114
0,5,0,104,1,3.75,85,7,199,15,114
0,5,0,169,0,1.9,85,7,199,15,114
0,5,2,189,0,1.82,85,7,199,11,114
0,5,2,189,0,1.97,85,7,199,15,114
0,5,0,173,0,1.9,86,7,200,15,114
0,5,1,179,0,1.75,86,7,200,14,114
0,5,2,189,0,1.82,86,7,200,11,114
0,5,0,129,1,3.75,86,7,200,15,114
0,5,0,173,0,1.97,86,7,200,8,114
0,5,7,183,1,7.67,86,7,200,11,114
0,5,1,209,0,1.77,86,7,200,8,114
0,5,2,289,0,2.02,86,7,200,18,114
0,5,2,399,0,1.75,86,7,200,8,114
0,5,1,149,0,1.77,87,7,201,8,114
0,5,0,173,0,1.97,87,7,201,8,114
0,5,0,173,0,1.9,87,7,201,15,114
0,5,2,219,0,1.97,87,7,201,15,114
0,5,1,209,0,1.75,87,7,201,14,114
0,5,2,219,0,1.75,87,7,201,8,114
0,5,2,259,0,1.82,87,7,201,11,114
0,5,1,134,0,1.77,88,7,202,8,114
0,5,2,155,0,1.97,88,7,202,15,114
0,5,0,104,1,3.92,88,7,202,15,114
0,5,0,173,0,1.95,88,7,202,8,114
0,5,0,173,0,1.9,88,7,202,15,114
0,5,2,189,0,1.82,88,7,202,11,114
0,5,2,189,0,2.02,88,7,202,18,114
0,5,1,134,0,1.77,89,7,203,8,114
0,5,0,145,0,1.97,89,7,203,8,114
0,5,1,179,0,1.75,89,7,203,14,114
0,5,2,259,0,1.97,89,7,203,15,114
0,5,7,233,1,7.67,89,7,203,11,114
0,5,2,289,0,1.82,89,7,203,11,114
0,5,0,289,0,1.9,89,7,203,15,114
0,5,2,399,0,1.75,89,7,203,8,114
0,5,1,108,0,1.77,90,7,204,8,114
0,5,1,134,0,1.75,90,7,204,14,114
0,5,0,145,0,1.97,90,7,204,8,114
0,5,0,145,0,1.9,90,7,204,15,114
0,5,2,155,0,2.02,90,7,204,18,114
0,5,2,189,0,1.82,90,7,204,11,114
0,5,2,259,0,1.97,90,7,204,15,114
0,5,1,108,0,1.77,91,7,205,8,114
0,5,1,108,0,1.75,91,7,205,14,114
0,5,0,104,1,3.75,91,7,205,15,114
0,5,0,169,0,1.97,91,7,205,8,114
0,5,0,169,0,1.9,91,7,205,15,114
0,5,2,189,0,1.75,91,7,205,8,114
0,5,2,189,0,2.02,91,7,205,18,114
0,5,2,219,0,1.82,91,7,205,11,114
0,5,0,95,0,1.97,92,7,206,8,114
0,5,0,104,1,3.75,92,7,206,15,114
0,5,1,108,0,1.77,92,7,206,8,114
0,5,2,155,0,1.82,92,7,206,11,114
0,5,1,134,0,1.75,92,7,206,14,114
0,5,2,155,0,1.97,92,7,206,15,114
0,5,0,219,0,1.9,92,7,206,15,114
0,5,2,289,0,1.75,92,7,206,8,114
0,5,0,129,1,3.75,93,7,207,15,114
0,5,0,145,0,1.97,93,7,207,8,114
0,5,0,173,0,1.9,93,7,207,15,114
0,5,1,179,0,1.77,93,7,207,8,114
0,5,2,189,0,1.82,93,7,207,11,114
0,5,7,183,1,7.67,93,7,207,11,114
0,5,1,209,0,1.75,93,7,207,14,114
0,5,2,219,0,1.75,93,7,207,8,114
0,5,2,259,0,1.97,93,7,207,15,114
0,5,1,149,0,1.77,94,7,208,8,114
0,5,1,149,0,1.75,94,7,208,14,114
0,5,0,173,0,1.97,94,7,208,8,114
0,5,2,189,0,1.97,94,7,208,15,114
0,5,2,189,0,2.02,94,7,208,18,114
0,5,2,259,0,1.75,94,7,208,8,114
0,5,0,289,0,1.9,94,7,208,15,114
0,5,0,145,0,1.95,95,7,209,8,114
0,5,1,149,0,1.77,95,7,209,8,114
0,5,2,155,0,1.82,95,7,209,11,114
0,5,2,155,0,1.97,95,7,209,15,114
0,5,2,155,0,2.02,95,7,209,18,114
0,5,2,289,0,1.75,95,7,209,8,114
0,5,1,134,0,1.77,96,7,210,8,114
0,5,1,134,0,1.75,96,7,210,14,114
0,5,0,173,0,1.9,96,7,210,15,114
0,5,2,259,0,1.97,96,7,210,15,114
0,5,0,173,0,1.97,96,7,210,8,114
0,5,7,243,1,7.67,96,7,210,11,114
0,5,2,259,0,1.82,96,7,210,11,114
0,5,2,289,0,1.75,96,7,210,8,114
0,5,1,108,0,1.77,97,7,211,8,114
0,5,0,145,0,1.97,97,7,211,8,114
0,5,2,189,0,2.02,97,7,211,18,114
0,5,7,160,1,8.48,97,7,211,11,114
0,5,0,173,0,1.9,97,7,211,15,114
0,5,1,179,0,1.75,97,7,211,14,114
0,5,2,259,0,1.82,97,7,211,11,114
0,5,2,259,0,1.97,97,7,211,15,114
0,5,1,108,0,1.75,98,7,212,14,114
0,5,0,119,0,1.97,98,7,212,8,114
0,5,2,119,0,2.02,98,7,212,18,114
0,5,0,104,1,3.62,98,7,212,14,114
0,5,0,104,1,4.53,98,7,212,14,114
0,5,1,134,0,1.77,98,7,212,8,114
0,5,0,169,0,1.9,98,7,212,15,114
0,5,2,189,0,1.75,98,7,212,8,114
0,5,2,259,0,1.97,98,7,212,15,114
0,5,0,104,1,3.62,99,7,213,14,114
0,5,1,108,0,1.77,99,7,213,8,114
0,5,0,145,0,1.97,99,7,213,8,114
0,5,1,134,0,1.75,99,7,213,14,114
0,5,0,169,0,1.9,99,7,213,15,114
0,5,2,189,0,1.75,99,7,213,8,114
0,5,2,219,0,1.82,99,7,213,11,114
0,5,2,219,0,1.97,99,7,213,15,114
0,5,0,173,0,1.97,100,8,214,8,114
0,5,0,173,0,1.9,100,8,214,15,114
0,5,1,179,0,1.75,100,8,214,14,114
0,5,0,154,1,3.75,100,8,214,15,114
0,5,1,179,0,1.77,100,8,214,8,114
0,5,7,213,1,7.67,100,8,214,11,114
0,5,2,289,0,1.97,100,8,214,15,114
0,5,2,289,0,2.02,100,8,214,18,114
0,5,2,399,0,1.75,100,8,214,8,114
0,5,1,134,0,1.77,101,8,215,8,114
0,5,0,173,0,1.97,101,8,215,8,114
0,5,2,219,0,1.97,101,8,215,15,114
0,5,0,182,1,3.62,101,8,215,14,114
0,5,1,209,0,1.75,101,8,215,14,114
0,5,7,213,1,7.55,101,8,215,11,114
0,5,0,219,0,1.9,101,8,215,15,114
0,5,2,259,0,1.75,101,8,215,8,114
0,5,2,289,0,2.02,101,8,215,18,114
0,5,1,134,0,1.77,102,8,216,8,114
0,5,0,173,0,1.95,102,8,216,8,114
0,5,2,189,0,1.82,102,8,216,11,114
0,5,0,173,0,1.9,102,8,216,15,114
0,5,0,181,1,4.8,102,8,216,11,114
0,5,2,189,0,1.97,102,8,216,15,114
0,5,2,389,0,1.75,102,8,216,8,114
0,5,0,120,0,1.97,103,8,217,8,114
0,5,1,134,0,1.77,103,8,217,8,114
0,5,1,149,0,1.75,103,8,217,14,114
0,5,0,173,0,1.9,103,8,217,15,114
0,5,2,189,0,1.82,103,8,217,11,114
0,5,2,259,0,2.02,103,8,217,18,114
0,5,2,289,0,1.75,103,8,217,8,114
0,5,0,120,0,1.97,104,8,218,8,114
0,5,1,149,0,1.75,104,8,218,14,114
0,5,2,155,0,2.12,104,8,218,18,114
0,5,0,129,1,3.62,104,8,218,14,114
0,5,1,179,0,1.77,104,8,218,8,114
0,5,2,189,0,1.72,104,8,218,11,114
0,5,0,289,0,1.9,104,8,218,15,114
0,5,2,289,0,2.03,104,8,218,15,114
0,5,1,108,0,1.77,105,8,219,8,114
0,5,1,108,0,1.75,105,8,219,14,114
0,5,0,119,0,2.1,105,8,219,9,114
0,5,0,104,1,4.67,105,8,219,6,114
0,5,0,104,1,3.77,105,8,219,13,114
0,5,0,104,1,3.92,105,8,219,15,114
0,5,0,169,0,1.85,105,8,219,15,114
0,5,2,189,0,1.72,105,8,219,11,114
0,5,2,189,0,2.03,105,8,219,15,114
0,5,2,259,0,1.72,105,8,219,8,114
0,5,0,104,1,3.92,106,8,220,15,114
0,5,1,108,0,1.75,106,8,220,14,114
0,5,0,145,0,2.1,106,8,220,9,114
0,5,0,104,1,4.67,106,8,220,6,114
0,5,1,134,0,1.77,106,8,220,8,114
0,5,2,189,0,2.03,106,8,220,15,114
0,5,0,219,0,1.85,106,8,220,15,114
0,5,2,219,0,2.12,106,8,220,18,114
0,5,2,259,0,1.72,106,8,220,8,114
0,5,1,134,0,1.75,107,8,221,14,114
0,5,0,145,0,2.1,107,8,221,9,114
0,5,2,189,0,1.72,107,8,221,11,114
0,5,0,129,1,4.67,107,8,221,6,114
0,5,1,179,0,1.77,107,8,221,8,114
0,5,2,259,0,2.03,107,8,221,15,114
0,5,2,289,0,1.72,107,8,221,8,114
0,5,2,289,0,2.12,107,8,221,18,114
0,5,1,134,0,1.77,108,8,222,8,114
0,5,1,134,0,1.75,108,8,222,14,114
0,5,2,219,0,1.72,108,8,222,11,114
0,5,0,219,0,1.85,108,8,222,15,114
0,5,0,153,1,5.67,108,8,222,8,114
0,5,7,178,1,7.55,108,8,222,11,114
0,5,2,219,0,1.72,108,8,222,8,114
0,5,2,219,0,2.03,108,8,222,15,114
0,5,2,259,0,2.12,108,8,222,18,114
0,5,1,108,0,1.77,109,8,223,8,114
0,5,0,145,0,2.1,109,8,223,9,114
0,5,2,189,0,1.72,109,8,223,11,114
0,5,0,128,1,5.42,109,8,223,8,114
0,5,0,128,1,3.92,109,8,223,15,114
0,5,0,169,0,1.85,109,8,223,15,114
0,5,2,219,0,2.03,109,8,223,15,114
0,5,2,219,0,2.12,109,8,223,18,114
0,5,1,134,0,1.77,110,8,224,8,114
0,5,0,173,0,2.1,110,8,224,9,114
0,5,1,179,0,1.75,110,8,224,14,114
0,5,2,189,0,1.72,110,8,224,11,114
0,5,0,129,1,4.67,110,8,224,6,114
0,5,2,259,0,2.12,110,8,224,18,114
0,5,2,289,0,1.72,110,8,224,8,114
0,5,0,289,0,1.85,110,8,224,15,114
0,5,1,134,0,1.77,111,8,225,8,114
0,5,1,134,0,1.75,111,8,225,14,114
0,5,0,169,0,1.85,111,8,225,15,114
0,5,0,137,1,15.42,111,8,225,16,114
0,5,7,155,1,7.55,111,8,225,11,114
0,5,0,219,0,2.1,111,8,225,9,114
0,5,2,219,0,1.72,111,8,225,11,114
0,5,2,219,0,2.12,111,8,225,18,114
0,5,2,289,0,1.72,111,8,225,8,114
0,5,0,95,0,2.1,112,8,226,9,114
0,5,1,108,0,1.77,112,8,226,8,114
0,5,2,119,0,2.03,112,8,226,15,114
0,5,1,108,0,1.75,112,8,226,14,114
0,5,0,145,0,1.85,112,8,226,15,114
0,5,2,155,0,2.12,112,8,226,18,114
0,5,2,189,0,1.72,112,8,226,8,114
0,5,0,95,0,2.1,113,8,227,9,114
0,5,0,104,1,3.92,113,8,227,15,114
0,5,1,108,0,1.77,113,8,227,8,114
0,5,1,108,0,1.75,113,8,227,14,114
0,5,2,155,0,1.72,113,8,227,8,114
0,5,0,169,0,1.85,113,8,227,15,114
0,5,2,189,0,1.72,113,8,227,11,114
0,5,2,189,0,2.03,113,8,227,15,114
0,5,0,104,1,3.92,114,8,228,15,114
0,5,1,108,0,1.77,114,8,228,8,114
0,5,0,145,0,2.1,114,8,228,9,114
0,5,2,155,0,1.72,114,8,228,11,114
0,5,1,134,0,1.75,114,8,228,14,114
0,5,0,169,0,1.85,114,8,228,15,114
0,5,2,219,0,1.72,114,8,228,8,114
0,5,2,259,0,2.03,114,8,228,15,114
0,5,0,104,1,3.77,115,8,229,13,114
0,5,0,104,1,3.92,115,8,229,15,114
0,5,1,134,0,1.75,115,8,229,14,114
0,5,1,149,0,1.77,115,8,229,8,114
0,5,2,189,0,2.03,115,8,229,15,114
0,5,2,189,0,2.12,115,8,229,18,114
0,5,2,219,0,1.72,115,8,229,8,114
0,5,0,289,0,2.1,115,8,229,9,114
0,5,2,289,0,1.72,115,8,229,11,114
0,5,0,128,1,3.77,116,8,230,13,114
0,5,0,128,1,3.92,116,8,230,15,114
0,5,1,134,0,1.77,116,8,230,8,114
0,5,2,164,1,5.32,116,8,230,8,114
0,5,2,164,1,3.6,116,8,230,12,114
0,5,2,219,0,2.12,116,8,230,18,114
0,5,2,289,0,1.72,116,8,230,8,114
0,5,0,289,0,2.1,116,8,230,9,114
0,5,2,289,0,1.72,116,8,230,11,114
0,5,2,289,0,2.03,116,8,230,15,114
0,5,0,104,1,3.92,117,8,231,15,114
0,5,1,149,0,1.77,117,8,231,8,114
0,5,1,179,0,1.75,117,8,231,14,114
0,5,2,289,0,1.72,117,8,231,11,114
0,5,0,289,0,1.85,117,8,231,15,114
0,5,7,203,1,7.67,117,8,231,11,114
0,5,2,289,0,1.72,117,8,231,8,114
0,5,0,289,0,2.1,117,8,231,9,114
0,5,2,359,0,2.03,117,8,231,15,114
0,5,1,108,0,1.75,118,8,232,14,114
0,5,0,120,0,2.1,118,8,232,9,114
0,5,0,104,1,3.92,118,8,232,15,114
0,5,1,107,1,7.0,118,8,232,11,114
0,5,0,145,0,1.85,118,8,232,15,114
0,5,1,149,0,1.77,118,8,232,8,114
0,5,7,170,1,5.7,118,8,232,11,114
0,5,2,189,0,1.72,118,8,232,11,114
0,5,2,219,0,2.12,118,8,232,18,114
0,5,2,289,0,2.03,118,8,232,15,114
0,5,0,95,0,2.1,119,8,233,9,114
0,5,1,108,0,1.77,119,8,233,8,114
0,5,2,119,0,1.72,119,8,233,8,114
0,5,1,107,1,4.73,119,8,233,13,114
0,5,1,108,0,1.75,119,8,233,14,114
0,5,2,119,0,2.03,119,8,233,15,114
0,5,0,119,0,1.85,119,8,233,15,114
0,5,2,155,0,1.72,119,8,233,11,114
0,5,1,64,0,1.77,120,8,234,8,114
0,5,2,90,0,1.72,120,8,234,11,114
0,5,0,95,0,2.1,120,8,234,9,114
0,5,1,108,0,1.75,120,8,234,14,114
0,5,2,119,0,2.03,120,8,234,15,114
0,5,2,119,0,2.12,120,8,234,18,114
0,5,2,155,0,1.72,120,8,234,8,114
0,5,1,108,0,1.77,121,8,235,8,114
0,5,1,108,0,1.75,121,8,235,14,114
0,5,0,120,0,2.1,121,8,235,9,114
0,5,2,155,0,1.72,121,8,235,11,114
0,5,0,104,1,3.92,121,8,235,15,114
0,5,0,169,0,1.85,121,8,235,15,114
0,5,2,189,0,1.72,121,8,235,8,114
0,5,2,189,0,2.03,121,8,235,15,114
0,5,1,108,0,1.77,122,8,236,8,114
0,5,1,108,0,1.75,122,8,236,14,114
0,5,0,103,1,6.37,122,8,236,15,114
0,5,0,104,1,3.92,122,8,236,15,114
0,5,2,155,0,2.12,122,8,236,18,114
0,5,0,173,0,2.1,122,8,236,9,114
0,5,0,173,0,1.85,122,8,236,15,114
0,5,2,189,0,1.72,122,8,236,11,114
0,5,2,189,0,2.03,122,8,236,15,114
0,5,1,108,0,1.77,123,8,237,8,114
0,5,0,119,0,2.1,123,8,237,9,114
0,5,2,129,0,1.72,123,8,237,11,114
0,5,0,104,1,3.77,123,8,237,13,114
0,5,0,104,1,3.92,123,8,237,15,114
0,5,2,129,0,2.03,123,8,237,15,114
0,5,2,129,0,2.12,123,8,237,18,114
0,5,0,145,0,1.85,123,8,237,15,114
0,5,1,108,0,1.75,124,8,238,14,114
0,5,0,120,0,2.1,124,8,238,9,114
0,5,2,129,0,1.72,124,8,238,11,114
0,5,1,108,0,1.77,124,8,238,8,114
0,5,0,129,1,3.92,124,8,238,15,114
0,5,0,173,0,1.85,124,8,238,15,114
0,5,2,259,0,2.03,124,8,238,15,114
0,5,2,289,0,1.72,124,8,238,8,114
0,5,1,85,0,1.77,125,8,239,8,114
0,5,1,85,0,1.75,125,8,239,14,114
0,5,0,120,0,2.1,125,8,239,9,114
0,5,2,129,0,1.72,125,8,239,11,114
0,5,0,104,1,3.92,125,8,239,15,114
0,5,2,129,0,2.12,125,8,239,18,114
0,5,0,169,0,1.85,125,8,239,15,114
0,5,2,189,0,2.03,125,8,239,15,114
0,5,1,64,0,1.77,126,8,240,8,114
0,5,1,64,0,1.75,126,8,240,14,114
0,5,2,74,0,1.72,126,8,240,8,114
0,5,2,74,0,2.12,126,8,240,18,114
0,5,2,90,0,1.72,126,8,240,11,114
0,5,0,95,0,2.1,126,8,240,9,114
0,5,2,119,0,2.03,126,8,240,15,114
0,5,1,64,0,1.77,127,8,241,8,114
0,5,0,64,0,2.1,127,8,241,9,114
0,5,1,64,0,1.75,127,8,241,14,114
0,5,2,74,0,1.72,127,8,241,8,114
0,5,2,74,0,2.12,127,8,241,18,114
0,5,0,95,0,1.85,127,8,241,15,114
0,5,2,119,0,1.72,127,8,241,11,114
0,5,1,85,0,1.77,128,8,242,8,114
0,5,0,95,0,2.1,128,8,242,9,114
0,5,1,108,0,1.75,128,8,242,14,114
0,5,2,165,0,1.72,128,8,242,11,114
0,5,0,149,0,1.85,128,8,242,15,114
0,5,2,165,0,2.12,128,8,242,18,114
0,5,2,259,0,1.72,128,8,242,8,114
0,5,0,104,1,3.92,129,8,243,15,114
0,5,1,108,0,1.77,129,8,243,8,114
0,5,0,120,0,1.85,129,8,243,15,114
0,5,1,134,0,1.75,129,8,243,14,114
0,5,2,165,0,2.12,129,8,243,18,114
0,5,0,173,0,2.1,129,8,243,9,114
0,5,2,228,0,1.72,129,8,243,8,114
0,5,2,259,0,1.72,129,8,243,11,114
0,5,1,85,0,1.77,130,8,244,8,114
0,5,0,95,0,1.85,130,8,244,15,114
0,5,2,129,0,2.03,130,8,244,15,114
0,5,0,149,0,2.1,130,8,244,9,114
0,5,2,158,0,1.72,130,8,244,11,114
0,5,2,158,0,2.12,130,8,244,18,114
0,5,1,85,0,1.77,131,9,245,8,114
0,5,1,85,0,1.75,131,9,245,14,114
0,5,0,120,0,2.1,131,9,245,9,114
0,5,2,129,0,1.72,131,9,245,11,114
0,5,2,129,0,1.72,131,9,245,8,114
0,5,2,129,0,2.03,131,9,245,15,114
0,5,0,129,1,3.92,131,9,245,15,114
0,5,2,259,0,2.12,131,9,245,18,114
0,5,1,85,0,1.77,132,9,246,8,114
0,5,1,108,0,1.75,132,9,246,14,114
0,5,2,155,0,2.12,132,9,246,18,114
0,5,0,157,1,5.67,132,9,246,8,114
0,5,0,158,1,5.42,132,9,246,8,114
0,5,0,219,0,2.1,132,9,246,9,114
0,5,2,279,0,1.72,132,9,246,11,114
0,5,2,279,0,2.03,132,9,246,15,114
0,5,0,289,0,1.85,132,9,246,15,114
0,5,0,80,0,2.1,133,9,247,9,114
0,5,1,85,0,1.77,133,9,247,8,114
0,5,1,85,0,1.75,133,9,247,14,114
0,5,0,104,1,3.92,133,9,247,15,114
0,5,0,149,0,1.85,133,9,247,15,114
0,5,2,155,0,2.03,133,9,247,15,114
0,5,2,249,0,1.72,133,9,247,8,114
0,5,2,249,0,1.72,133,9,247,11,114
0,5,0,80,0,1.83,134,9,248,6,114
0,5,0,80,0,2.1,134,9,248,9,114
0,5,2,90,0,1.72,134,9,248,11,114
0,5,2,90,0,2.12,134,9,248,18,114
0,5,1,108,0,1.58,134,9,248,6,114
0,5,1,108,0,1.75,134,9,248,15,114
0,5,2,119,0,1.72,134,9,248,8,114
0,5,2,119,0,2.03,134,9,248,15,114
0,5,0,95,0,1.83,135,9,249,6,114
0,5,0,95,0,2.1,135,9,249,9,114
0,5,2,95,0,1.72,135,9,249,11,114
0,5,1,108,0,1.75,135,9,249,15,114
0,5,0,104,1,3.92,135,9,249,15,114
0,5,1,108,0,1.58,135,9,249,6,114
0,5,0,120,0,1.85,135,9,249,15,114
0,5,2,158,0,1.72,135,9,249,8,114
0,5,2,189,0,2.03,135,9,249,15,114
0,5,0,104,1,3.92,136,9,250,15,114
0,5,1,108,0,1.75,136,9,250,15,114
0,5,0,120,0,1.83,136,9,250,6,114
0,5,0,120,0,1.85,136,9,250,15,114
0,5,2,129,0,2.12,136,9,250,18,114
0,5,2,158,0,2.03,136,9,250,15,114
0,5,0,173,0,2.1,136,9,250,9,114
0,5,1,179,0,1.58,136,9,250,6,114
0,5,2,189,0,1.72,136,9,250,8,114
0,5,0,95,0,1.83,137,9,251,6,114
0,5,0,95,0,2.1,137,9,251,9,114
0,5,2,95,0,1.72,137,9,251,11,114
0,5,2,95,0,2.12,137,9,251,18,114
0,5,1,108,0,1.58,137,9,251,6,114
0,5,1,108,0,1.75,137,9,251,15,114
0,5,2,129,0,2.03,137,9,251,15,114
0,5,0,149,0,1.85,137,9,251,15,114
0,5,1,108,0,1.58,138,9,252,6,114
0,5,0,120,0,1.83,138,9,252,6,114
0,5,0,120,0,2.1,138,9,252,9,114
0,5,2,189,0,1.72,138,9,252,11,114
0,5,1,149,0,1.75,138,9,252,15,114
0,5,7,163,1,5.97,138,9,252,11,114
0,5,0,173,0,1.85,138,9,252,15,114
0,5,2,219,0,2.12,138,9,252,18,114
0,5,2,289,0,1.72,138,9,252,8,114
0,5,1,108,0,1.58,139,9,253,6,114
0,5,1,108,0,1.75,139,9,253,15,114
0,5,0,120,0,1.83,139,9,253,6,114
0,5,0,120,0,1.85,139,9,253,15,114
0,5,0,104,1,4.67,139,9,253,6,114
0,5,0,104,1,3.92,139,9,253,15,114
0,5,7,163,1,7.57,139,9,253,11,114
0,5,2,189,0,2.03,139,9,253,15,114
0,5,2,189,0,2.08,139,9,253,18,114
0,5,0,219,0,2.1,139,9,253,9,114
0,5,2,219,0,1.78,139,9,253,11,114
0,5,0,80,0,1.83,140,9,254,6,114
0,5,1,85,0,1.58,140,9,254,6,114
0,5,0,95,0,2.1,140,9,254,9,114
0,5,2,119,0,1.78,140,9,254,11,114
0,5,1,108,0,1.75,140,9,254,15,114
0,5,2,119,0,1.72,140,9,254,8,114
0,5,2,119,0,2.03,140,9,254,15,114
0,5,0,149,0,1.85,140,9,254,15,114
0,5,0,80,0,1.83,141,9,255,6,114
0,5,0,80,0,2.1,141,9,255,9,114
0,5,2,90,0,1.72,141,9,255,8,114
0,5,2,90,0,1.78,141,9,255,11,114
0,5,2,90,0,2.08,141,9,255,18,114
0,5,1,108,0,1.58,141,9,255,6,114
0,5,1,108,0,1.75,141,9,255,15,114
0,5,0,120,0,1.85,141,9,255,15,114
0,5,0,95,0,1.83,142,9,256,6,114
0,5,1,108,0,1.58,142,9,256,6,114
0,5,1,108,0,1.75,142,9,256,15,114
0,5,0,120,0,2.1,142,9,256,9,114
0,5,0,104,1,7.25,142,9,256,8,114
0,5,7,133,1,6.85,142,9,256,11,114
0,5,0,149,0,1.85,142,9,256,15,114
0,5,2,189,0,1.78,142,9,256,11,114
0,5,2,189,0,2.08,142,9,256,18,114
0,5,2,219,0,1.72,142,9,256,8,114
0,5,0,120,0,1.83,143,9,257,6,114
0,5,2,129,0,2.08,143,9,257,18,114
0,5,1,134,0,1.75,143,9,257,15,114
0,5,0,103,1,6.35,143,9,257,17,114
0,5,0,104,1,3.92,143,9,257,15,114
0,5,1,134,0,1.58,143,9,257,6,114
0,5,0,149,0,1.85,143,9,257,15,114
0,5,2,189,0,1.72,143,9,257,8,114
0,5,2,189,0,2.03,143,9,257,15,114
0,5,2,219,0,1.78,143,9,257,11,114
0,5,0,95,0,1.83,144,9,258,6,114
0,5,0,95,0,2.1,144,9,258,9,114
0,5,2,95,0,1.78,144,9,258,11,114
0,5,1,108,0,1.58,144,9,258,6,114
0,5,1,108,0,1.75,144,9,258,15,114
0,5,2,129,0,2.03,144,9,258,15,114
0,5,2,129,0,2.08,144,9,258,18,114
0,5,0,149,0,1.85,144,9,258,15,114
0,5,1,108,0,1.58,145,9,259,6,114
0,5,0,120,0,2.1,145,9,259,9,114
0,5,2,129,0,1.78,145,9,259,11,114
0,5,0,120,0,1.83,145,9,259,6,114
0,5,1,179,0,1.75,145,9,259,15,114
0,5,0,219,0,1.85,145,9,259,15,114
0,5,2,219,0,2.08,145,9,259,18,114
0,5,2,259,0,1.72,145,9,259,8,114
0,5,1,108,0,1.58,146,9,260,6,114
0,5,0,120,0,1.85,146,9,260,15,114
0,5,2,129,0,1.78,146,9,260,11,114
0,5,0,104,1,4.67,146,9,260,6,114
0,5,0,104,1,3.92,146,9,260,15,114
0,5,1,108,0,1.75,146,9,260,15,114
0,5,0,120,0,1.83,146,9,260,6,114
0,5,0,149,0,2.1,146,9,260,9,114
0,5,2,158,0,2.08,146,9,260,18,114
0,5,2,289,0,1.72,146,9,260,8,114
0,5,0,80,0,1.83,147,9,261,6,114
0,5,0,80,0,2.1,147,9,261,9,114
0,5,0,80,0,1.85,147,9,261,15,114
0,5,2,90,0,1.72,147,9,261,8,114
0,5,2,90,0,2.03,147,9,261,15,114
0,5,2,90,0,2.08,147,9,261,18,114
0,5,1,108,0,1.58,147,9,261,6,114
0,5,1,108,0,1.75,147,9,261,15,114
0,5,0,80,0,1.83,148,9,262,6,114
0,5,0,80,0,2.1,148,9,262,9,114
0,5,2,90,0,1.72,148,9,262,8,114
0,5,2,90,0,1.78,148,9,262,11,114
0,5,0,95,0,1.85,148,9,262,15,114
0,5,1,108,0,1.58,148,9,262,6,114
0,5,1,108,0,1.75,148,9,262,15,114
0,5,2,119,0,2.08,148,9,262,18,114
0,5,0,95,0,2.1,149,9,263,9,114
0,5,1,108,0,1.75,149,9,263,15,114
0,5,2,129,0,1.78,149,9,263,11,114
0,5,0,95,0,1.83,149,9,263,6,114
0,5,0,104,1,3.92,149,9,263,15,114
0,5,1,108,0,1.58,149,9,263,6,114
0,5,2,129,0,2.08,149,9,263,18,114
0,5,2,219,0,1.72,149,9,263,8,114
0,5,2,219,0,2.03,149,9,263,15,114
0,5,0,120,0,1.83,150,9,264,6,114
0,5,2,129,0,2.08,150,9,264,18,114
0,5,1,134,0,1.75,150,9,264,15,114
0,5,0,103,1,5.53,150,9,264,11,114
0,5,0,104,1,7.25,150,9,264,8,114
0,5,0,129,1,3.92,150,9,264,15,114
0,5,1,134,0,1.58,150,9,264,6,114
0,5,0,149,0,2.1,150,9,264,9,114
0,5,0,149,0,1.85,150,9,264,15,114
0,5,2,219,0,1.72,150,9,264,8,114
0,5,2,219,0,1.78,150,9,264,11,114
0,5,0,95,0,1.83,151,9,265,6,114
0,5,0,95,0,2.1,151,9,265,9,114
0,5,2,95,0,1.78,151,9,265,11,114
0,5,1,108,0,1.58,151,9,265,6,114
0,5,0,104,1,3.77,151,9,265,13,114
0,5,1,108,0,1.75,151,9,265,15,114
0,5,0,120,0,1.85,151,9,265,15,114
0,5,2,189,0,2.03,151,9,265,15,114
0,5,2,219,0,1.72,151,9,265,8,114
0,5,0,120,0,1.83,152,9,266,6,114
0,5,0,120,0,2.1,152,9,266,9,114
0,5,2,129,0,1.78,152,9,266,11,114
0,5,1,134,0,1.58,152,9,266,6,114
0,5,1,214,0,1.75,152,9,266,15,114
0,5,0,219,0,1.85,152,9,266,15,114
0,5,2,259,0,1.72,152,9,266,8,114
0,5,2,289,0,2.03,152,9,266,15,114
0,5,2,95,0,1.78,153,9,267,11,114
0,5,1,108,0,1.75,153,9,267,15,114
0,5,0,120,0,1.85,153,9,267,15,114
0,5,0,104,1,3.92,153,9,267,15,114
0,5,1,108,0,1.58,153,9,267,6,114
0,5,0,120,0,1.83,153,9,267,6,114
0,5,2,129,0,2.08,153,9,267,18,114
0,5,0,149,0,2.1,153,9,267,9,114
0,5,2,219,0,1.72,153,9,267,8,114
0,5,0,80,0,1.83,154,9,268,6,114
0,5,0,80,0,2.1,154,9,268,9,114
0,5,2,90,0,2.03,154,9,268,15,114
0,5,0,95,0,1.85,154,9,268,15,114
0,5,1,108,0,1.58,154,9,268,6,114
0,5,1,108,0,1.75,154,9,268,15,114
0,5,2,119,0,1.72,154,9,268,8,114
0,5,2,119,0,1.78,154,9,268,11,114
0,5,0,80,0,1.83,155,9,269,6,114
0,5,0,80,0,2.1,155,9,269,9,114
0,5,2,90,0,1.72,155,9,269,8,114
0,5,2,90,0,2.08,155,9,269,18,114
0,5,0,95,0,1.85,155,9,269,15,114
0,5,1,108,0,1.58,155,9,269,6,114
0,5,1,108,0,1.75,155,9,269,15,114
0,5,2,119,0,1.78,155,9,269,11,114
0,5,0,95,0,1.83,156,9,270,6,114
0,5,0,95,0,2.1,156,9,270,9,114
0,5,1,108,0,1.58,156,9,270,6,114
0,5,2,129,0,1.78,156,9,270,11,114
0,5,2,129,0,2.08,156,9,270,18,114
0,5,1,134,0,1.75,156,9,270,15,114
0,5,2,189,0,1.72,156,9,270,8,114
0,5,0,219,0,1.85,156,9,270,15,114
0,5,0,120,0,1.83,157,9,271,6,114
0,5,0,120,0,2.1,157,9,271,9,114
0,5,1,134,0,1.75,157,9,271,15,114
0,5,0,129,1,3.92,157,9,271,15,114
0,5,1,134,0,1.58,157,9,271,6,114
0,5,7,138,1,7.8,157,9,271,11,114
0,5,0,149,0,1.85,157,9,271,15,114
0,5,2,189,0,1.72,157,9,271,8,114
0,5,2,189,0,2.03,157,9,271,15,114
0,5,2,189,0,2.08,157,9,271,18,114
0,5,0,85,0,2.1,158,9,272,9,114
0,5,0,95,0,1.83,158,9,272,6,114
0,5,2,95,0,1.78,158,9,272,11,114
0,5,1,108,0,1.58,158,9,272,6,114
0,5,1,108,0,1.75,158,9,272,15,114
0,5,0,120,0,1.85,158,9,272,15,114
0,5,2,158,0,2.03,158,9,272,15,114
0,5,2,158,0,2.08,158,9,272,18,114
0,5,0,104,1,3.92,159,9,273,15,114
0,5,1,108,0,1.58,159,9,273,6,114
0,5,0,120,0,1.83,159,9,273,6,114
0,5,2,158,0,1.78,159,9,273,11,114
0,5,0,103,1,7.13,159,9,273,8,114
0,5,0,149,0,2.1,159,9,273,9,114
0,5,0,149,0,1.85,159,9,273,15,114
0,5,7,153,1,6.92,159,9,273,11,114
0,5,1,179,0,1.75,159,9,273,15,114
0,5,2,259,0,1.72,159,9,273,8,114
0,5,2,259,0,2.08,159,9,273,18,114
0,5,0,103,1,5.67,160,9,274,8,114
0,5,1,108,0,1.58,160,9,274,6,114
0,5,1,108,0,1.75,160,9,274,15,114
0,5,0,120,0,1.83,160,9,274,6,114
0,5,2,158,0,1.78,160,9,274,11,114
0,5,0,104,1,3.92,160,9,274,15,114
0,5,0,149,0,2.1,160,9,274,9,114
0,5,0,149,0,1.85,160,9,274,15,114
0,5,7,153,1,6.67,160,9,274,11,114
0,5,2,219,0,1.72,160,9,274,8,114
0,5,2,219,0,2.08,160,9,274,18,114
0,5,0,80,0,1.83,161,10,275,6,114
0,5,0,80,0,1.85,161,10,275,15,114
0,5,2,90,0,2.03,161,10,275,15,114
0,5,0,95,0,2.1,161,10,275,9,114
0,5,1,108,0,1.58,161,10,275,6,114
0,5,1,108,0,1.75,161,10,275,15,114
0,5,2,119,0,1.78,161,10,275,11,114
0,5,2,119,0,2.08,161,10,275,18,114
0,5,0,80,0,1.83,162,10,276,6,114
0,5,0,80,0,2.1,162,10,276,9,114
0,5,0,95,0,1.85,162,10,276,15,114
0,5,1,108,0,1.58,162,10,276,6,114
0,5,2,119,0,1.78,162,10,276,11,114
0,5,1,108,0,1.75,162,10,276,15,114
0,5,2,119,0,1.72,162,10,276,8,114
0,5,2,158,0,2.03,162,10,276,15,114
0,5,0,95,0,1.83,163,10,277,6,114
0,5,0,95,0,2.1,163,10,277,9,114
0,5,1,108,0,1.75,163,10,277,15,114
0,5,1,108,0,1.58,163,10,277,6,114
0,5,0,149,0,1.85,163,10,277,15,114
0,5,0,157,1,6.35,163,10,277,17,114
0,5,7,178,1,8.5,163,10,277,11,114
0,5,2,189,0,1.78,163,10,277,11,114
0,5,2,189,0,2.08,163,10,277,18,114
0,5,2,289,0,1.72,163,10,277,8,114
0,5,0,120,0,1.83,164,10,278,6,114
0,5,1,134,0,1.75,164,10,278,15,114
0,5,0,129,1,3.77,164,10,278,13,114
0,5,7,133,1,5.8,164,10,278,11,114
0,5,1,134,0,1.58,164,10,278,6,114
0,5,0,149,0,2.1,164,10,278,9,114
0,5,0,173,0,1.85,164,10,278,15,114
0,5,2,259,0,2.08,164,10,278,18,114
0,5,2,289,0,1.72,164,10,278,8,114
0,5,2,289,0,2.03,164,10,278,15,114
0,5,0,95,0,1.83,165,10,279,6,114
0,5,0,95,0,2.1,165,10,279,9,114
0,5,2,95,0,1.78,165,10,279,11,114
0,5,1,108,0,1.58,165,10,279,6,114
0,5,0,104,1,3.77,165,10,279,13,114
0,5,1,108,0,1.75,165,10,279,15,114
0,5,0,149,0,1.85,165,10,279,15,114
0,5,2,158,0,2.03,165,10,279,15,114
0,5,2,158,0,2.08,165,10,279,18,114
0,5,0,120,0,1.83,166,10,280,6,114
0,5,0,120,0,2.1,166,10,280,9,114
0,5,2,129,0,1.78,166,10,280,11,114
0,5,1,134,0,1.58,166,10,280,6,114
0,5,0,129,1,4.25,166,10,280,15,114
0,5,1,209,0,1.75,166,10,280,15,114
0,5,0,219,0,1.85,166,10,280,15,114
0,5,2,259,0,1.72,166,10,280,8,114
0,5,2,259,0,2.08,166,10,280,18,114
0,5,0,104,1,4.67,167,10,281,6,114
0,5,1,108,0,1.58,167,10,281,6,114
0,5,1,108,0,1.75,167,10,281,15,114
0,5,2,129,0,1.78,167,10,281,11,114
0,5,0,149,0,2.1,167,10,281,9,114
0,5,0,104,1,5.42,167,10,281,8,114
0,5,0,149,0,1.85,167,10,281,15,114
0,5,2,189,0,2.08,167,10,281,18,114
0,5,2,289,0,1.72,167,10,281,8,114
0,5,0,80,0,2.1,168,10,282,9,114
0,5,0,80,0,1.85,168,10,282,15,114
0,5,2,90,0,2.03,168,10,282,15,114
0,5,0,103,1,5.53,168,10,282,11,114
0,5,1,108,0,1.58,168,10,282,6,114
0,5,1,108,0,1.75,168,10,282,15,114
0,5,2,219,0,1.72,168,10,282,8,114
0,5,2,219,0,1.78,168,10,282,11,114
0,5,0,80,0,2.1,169,10,283,9,114
0,5,1,108,0,1.58,169,10,283,6,114
0,5,1,108,0,1.75,169,10,283,15,114
0,5,0,149,0,1.85,169,10,283,15,114
0,5,2,159,1,6.07,169,10,283,6,114
0,5,2,189,0,1.72,169,10,283,8,114
0,5,2,189,0,2.03,169,10,283,15,114
0,5,2,219,0,2.08,169,10,283,18,114
0,5,0,219,0,2.1,170,10,284,9,114
0,5,1,264,0,1.75,170,10,284,15,114
0,5,7,148,1,8.08,170,10,284,11,114
0,5,0,182,1,4.67,170,10,284,6,114
0,5,0,182,1,4.25,170,10,284,15,114
0,5,1,264,0,1.58,170,10,284,6,114
0,5,0,289,0,1.85,170,10,284,15,114
0,5,2,389,0,1.72,170,10,284,8,114
0,5,2,389,0,1.78,170,10,284,11,114
0,5,2,389,0,2.03,170,10,284,15,114
0,5,7,183,1,5.7,171,10,285,11,114
0,5,0,289,0,2.1,171,10,285,9,114
0,5,1,419,0,1.75,171,10,285,15,114
0,5,2,469,0,1.78,171,10,285,11,114
0,5,0,193,1,10.18,171,10,285,21,114
0,5,0,349,0,1.85,171,10,285,15,114
0,5,4,396,1,12.23,171,10,285,11,114
0,5,1,419,0,1.58,171,10,285,6,114
0,5,2,469,0,1.72,171,10,285,8,114
0,5,2,469,0,2.03,171,10,285,15,114
0,5,0,104,1,3.77,172,10,286,13,114
0,5,0,120,0,1.85,172,10,286,15,114
0,5,2,129,0,2.03,172,10,286,15,114
0,5,0,103,1,5.67,172,10,286,8,114
0,5,0,173,0,2.1,172,10,286,9,114
0,5,1,179,0,1.75,172,10,286,15,114
0,5,2,189,0,2.08,172,10,286,18,114
0,5,2,219,0,1.78,172,10,286,11,114
0,5,1,329,0,1.58,172,10,286,6,114
0,5,1,134,0,1.58,173,10,287,6,114
0,5,0,173,0,2.1,173,10,287,9,114
0,5,1,209,0,1.75,173,10,287,15,114
0,5,0,219,0,1.85,173,10,287,15,114
0,5,2,319,0,1.78,173,10,287,11,114
0,5,7,213,1,7.25,173,10,287,11,114
0,5,2,319,0,1.72,173,10,287,8,114
0,5,2,319,0,2.08,173,10,287,18,114
0,5,2,129,0,2.08,174,10,288,18,114
0,5,1,134,0,1.58,174,10,288,6,114
0,5,1,134,0,1.75,174,10,288,15,114
0,5,0,219,0,2.1,174,10,288,9,114
0,5,2,219,0,2.03,174,10,288,15,114
0,5,2,249,0,1.78,174,10,288,11,114
0,5,0,289,0,1.85,174,10,288,15,114
0,5,0,80,0,2.1,175,10,289,9,114
0,5,1,108,0,1.58,175,10,289,6,114
0,5,2,119,0,1.72,175,10,289,8,114
0,5,0,104,1,3.77,175,10,289,13,114
0,5,1,108,0,1.75,175,10,289,15,114
0,5,2,119,0,2.03,175,10,289,15,114
0,5,2,119,0,2.08,175,10,289,18,114
0,5,0,120,0,1.85,175,10,289,15,114
0,5,0,80,0,2.1,176,10,290,9,114
0,5,2,90,0,2.08,176,10,290,18,114
0,5,1,108,0,1.58,176,10,290,6,114
0,5,0,104,1,3.77,176,10,290,13,114
0,5,1,108,0,1.75,176,10,290,15,114
0,5,2,119,0,1.72,176,10,290,8,114
0,5,2,119,0,1.78,176,10,290,11,114
0,5,0,120,0,1.85,176,10,290,15,114
0,5,0,95,0,2.1,177,10,291,9,114
0,5,1,108,0,1.58,177,10,291,6,114
0,5,1,108,0,1.75,177,10,291,15,114
0,5,2,129,0,1.72,177,10,291,8,114
0,5,2,129,0,1.78,177,10,291,11,114
0,5,0,158,1,3.92,177,10,291,15,114
0,5,2,188,0,2.08,177,10,291,18,114
0,5,0,219,0,1.85,177,10,291,15,114
0,5,2,95,0,2.08,178,10,292,18,114
0,5,1,134,0,1.58,178,10,292,6,114
0,5,0,149,0,2.1,178,10,292,9,114
0,5,0,149,0,1.85,178,10,292,15,114
0,5,1,179,0,1.75,178,10,292,15,114
0,5,2,219,0,1.72,178,10,292,8,114
0,5,2,219,0,1.78,178,10,292,11,114
0,5,0,95,0,1.85,179,10,293,15,114
0,5,1,108,0,1.58,179,10,293,6,114
0,5,2,129,0,1.78,179,10,293,11,114
0,5,0,103,1,5.67,179,10,293,8,114
0,5,0,104,1,5.42,179,10,293,8,114
0,5,1,108,0,1.75,179,10,293,15,114
0,5,0,120,0,2.1,179,10,293,9,114
0,5,2,129,0,2.03,179,10,293,15,114
0,5,2,158,0,2.08,179,10,293,18,114
0,5,1,134,0,1.58,180,10,294,6,114
0,5,0,173,0,2.1,180,10,294,9,114
0,5,1,209,0,1.75,180,10,294,15,114
0,5,0,219,0,1.85,180,10,294,15,114
0,5,2,249,0,2.08,180,10,294,18,114
0,5,2,289,0,1.78,180,10,294,11,114
0,5,2,389,0,1.72,180,10,294,8,114
0,5,2,95,0,1.78,181,10,295,11,114
0,5,1,108,0,1.58,181,10,295,6,114
0,5,1,108,0,1.75,181,10,295,15,114
0,5,0,149,0,2.1,181,10,295,9,114
0,5,2,129,0,2.08,181,10,295,18,114
0,5,0,137,1,15.42,181,10,295,16,114
0,5,0,149,0,1.85,181,10,295,15,114
0,5,2,249,0,2.03,181,10,295,15,114
0,5,0,80,0,2.1,182,10,296,9,114
0,5,2,90,0,2.03,182,10,296,15,114
0,5,0,95,0,1.85,182,10,296,15,114
0,5,1,108,0,1.58,182,10,296,6,114
0,5,1,108,0,1.75,182,10,296,15,114
0,5,2,119,0,1.72,182,10,296,8,114
0,5,2,119,0,2.08,182,10,296,18,114
0,5,0,80,0,2.1,183,10,297,9,114
0,5,2,90,0,2.08,183,10,297,18,114
0,5,1,108,0,1.58,183,10,297,6,114
0,5,1,108,0,1.75,183,10,297,15,114
0,5,2,119,0,1.72,183,10,297,8,114
0,5,2,119,0,1.78,183,10,297,11,114
0,5,2,119,0,2.03,183,10,297,15,114
0,5,2,95,0,1.78,184,10,298,11,114
0,5,1,108,0,1.75,184,10,298,15,114
0,5,0,120,0,2.1,184,10,298,9,114
0,5,1,108,0,1.58,184,10,298,6,114
0,5,2,129,0,2.08,184,10,298,18,114
0,5,0,129,1,3.92,184,10,298,15,114
0,5,0,149,0,1.85,184,10,298,15,114
0,5,2,219,0,1.72,184,10,298,8,114
0,5,2,95,0,2.08,185,10,299,18,114
0,5,1,108,0,1.58,185,10,299,6,114
0,5,1,108,0,1.75,185,10,299,15,114
0,5,0,149,0,2.1,185,10,299,9,114
0,5,7,143,1,6.82,185,10,299,11,114
0,5,0,149,0,1.85,185,10,299,15,114
0,5,2,188,0,1.72,185,10,299,8,114
0,5,2,188,0,2.03,185,10,299,15,114
0,5,2,95,0,2.03,186,10,300,15,114
0,5,0,95,0,1.85,186,10,300,15,114
0,5,2,95,0,2.08,186,10,300,18,114
0,5,1,108,0,1.58,186,10,300,6,114
0,5,1,108,0,1.75,186,10,300,15,114
0,5,0,120,0,2.1,186,10,300,9,114
0,5,2,129,0,1.78,186,10,300,11,114
0,5,1,134,0,1.8,187,10,301,7,114
0,5,0,149,0,2.05,187,10,301,8,114
0,5,2,219,0,1.78,187,10,301,11,114
0,5,1,179,0,1.93,187,10,301,15,114
0,5,7,183,1,7.63,187,10,301,11,114
0,5,0,219,0,1.88,187,10,301,15,114
0,5,2,219,0,2.08,187,10,301,18,114
0,5,2,289,0,1.72,187,10,301,8,114
0,5,2,95,0,1.78,188,10,302,11,114
0,5,2,95,0,2.08,188,10,302,18,114
0,5,1,108,0,1.8,188,10,302,7,114
0,5,0,120,0,1.88,188,10,302,15,114
0,5,1,108,0,1.93,188,10,302,15,114
0,5,0,149,0,2.05,188,10,302,8,114
0,5,2,188,0,2.03,188,10,302,15,114
0,5,0,80,0,2.05,189,10,303,8,114
0,5,1,85,0,1.93,189,10,303,15,114
0,5,2,90,0,1.72,189,10,303,8,114
0,5,2,90,0,2.03,189,10,303,15,114
0,5,2,90,0,2.08,189,10,303,18,114
0,5,0,95,0,1.88,189,10,303,15,114
0,5,1,108,0,1.8,189,10,303,7,114
0,5,0,80,0,2.05,190,10,304,8,114
0,5,1,85,0,1.93,190,10,304,15,114
0,5,2,90,0,1.72,190,10,304,8,114
0,5,2,90,0,2.08,190,10,304,18,114
0,5,0,95,0,1.88,190,10,304,15,114
0,5,1,108,0,1.8,190,10,304,7,114
0,5,2,119,0,1.78,190,10,304,11,114
0,5,0,95,0,2.05,191,10,305,8,114
0,5,2,95,0,1.78,191,10,305,11,114
0,5,1,108,0,1.93,191,10,305,15,114
0,5,1,108,0,1.8,191,10,305,7,114
0,5,2,129,0,2.08,191,10,305,18,114
0,5,0,149,0,1.88,191,10,305,15,114
0,5,1,179,1,4.32,191,10,305,12,114
0,5,2,189,0,1.72,191,10,305,8,114
0,5,2,95,0,2.08,192,11,306,18,114
0,5,1,108,0,1.8,192,11,306,7,114
0,5,0,149,0,2.05,192,11,306,8,114
0,5,0,128,1,4.47,192,11,306,19,114
0,5,1,134,0,1.93,192,11,306,15,114
0,5,0,149,0,1.88,192,11,306,15,114
0,5,2,158,0,2.03,192,11,306,15,114
0,5,2,189,0,1.72,192,11,306,8,114
0,5,0,85,0,2.05,193,11,307,8,114
0,5,2,95,0,1.78,193,11,307,11,114
0,5,2,95,0,2.03,193,11,307,15,114
0,5,2,95,0,2.08,193,11,307,18,114
0,5,1,108,0,1.8,193,11,307,7,114
0,5,1,108,0,1.93,193,11,307,15,114
0,5,0,149,0,1.88,193,11,307,15,114
0,5,1,108,0,1.8,194,11,308,7,114
0,5,0,149,0,2.05,194,11,308,8,114
0,5,2,158,0,2.08,194,11,308,18,114
0,5,7,148,1,7.95,194,11,308,11,114
0,5,1,149,0,1.93,194,11,308,15,114
0,5,2,219,0,1.78,194,11,308,11,114
0,5,2,219,0,2.03,194,11,308,15,114
0,5,2,259,0,1.72,194,11,308,8,114
0,5,1,108,0,1.8,195,11,309,7,114
0,5,0,120,0,1.88,195,11,309,15,114
0,5,2,129,0,2.08,195,11,309,18,114
0,5,1,134,0,1.93,195,11,309,15,114
0,5,0,149,0,2.05,195,11,309,8,114
0,5,2,158,0,1.78,195,11,309,11,114
0,5,0,168,1,9.67,195,11,309,21,114
0,5,2,259,0,2.03,195,11,309,15,114
0,5,0,80,0,2.05,196,11,310,8,114
0,5,0,80,0,1.88,196,11,310,15,114
0,5,2,90,0,1.72,196,11,310,8,114
0,5,2,90,0,2.03,196,11,310,15,114
0,5,2,90,0,2.08,196,11,310,18,114
0,5,1,108,0,1.8,196,11,310,7,114
0,5,1,108,0,1.93,196,11,310,15,114
0,5,0,80,0,2.05,197,11,311,8,114
0,5,0,80,0,1.88,197,11,311,15,114
0,5,2,90,0,2.08,197,11,311,18,114
0,5,1,108,0,1.8,197,11,311,7,114
0,5,1,108,0,1.93,197,11,311,15,114
0,5,2,119,0,1.72,197,11,311,8,114
0,5,2,119,0,1.78,197,11,311,11,114
0,5,1,108,0,1.8,198,11,312,7,114
0,5,1,108,0,1.93,198,11,312,15,114
0,5,0,120,0,2.05,198,11,312,8,114
0,5,2,159,0,1.78,198,11,312,11,114
0,5,7,133,1,6.4,198,11,312,11,114
0,5,2,188,0,2.08,198,11,312,18,114
0,5,0,219,0,1.88,198,11,312,15,114
0,5,2,219,0,2.03,198,11,312,15,114
0,5,1,134,0,1.8,199,11,313,7,114
0,5,1,134,0,1.93,199,11,313,15,114
0,5,2,135,0,2.08,199,11,313,18,114
0,5,0,149,0,2.05,199,11,313,8,114
0,5,7,133,1,6.73,199,11,313,11,114
0,5,2,198,0,2.03,199,11,313,15,114
0,5,0,219,0,1.88,199,11,313,15,114
0,5,2,259,0,1.72,199,11,313,8,114
0,5,0,85,0,1.88,200,11,314,15,114
0,5,2,95,0,2.03,200,11,314,15,114
0,5,2,95,0,2.08,200,11,314,18,114
0,5,1,108,0,1.8,200,11,314,7,114
0,5,0,103,1,5.7,200,11,314,6,114
0,5,1,108,0,1.93,200,11,314,15,114
0,5,0,120,0,2.05,200,11,314,8,114
0,5,2,129,0,1.78,200,11,314,11,114
0,5,1,108,0,1.8,201,11,315,7,114
0,5,2,129,0,2.08,201,11,315,18,114
0,5,2,158,0,1.78,201,11,315,11,114
0,5,0,173,0,2.05,201,11,315,8,114
0,5,7,153,1,6.95,201,11,315,11,114
0,5,0,219,0,1.88,201,11,315,15,114
0,5,2,259,0,1.72,201,11,315,8,114
0,5,1,264,0,1.93,201,11,315,15,114
0,5,0,120,0,1.88,202,11,316,15,114
0,5,2,125,0,1.78,202,11,316,11,114
0,5,2,125,0,2.08,202,11,316,18,114
0,5,1,134,0,1.8,202,11,316,7,114
0,5,7,133,1,6.62,202,11,316,11,114
0,5,1,134,0,1.93,202,11,316,15,114
0,5,0,149,0,2.05,202,11,316,8,114
0,5,2,159,0,2.03,202,11,316,15,114
0,5,0,80,0,2.05,203,11,317,8,114
0,5,0,80,0,1.88,203,11,317,15,114
0,5,2,90,0,2.03,203,11,317,15,114
0,5,2,90,0,2.08,203,11,317,18,114
0,5,1,108,0,1.8,203,11,317,7,114
0,5,1,108,0,1.93,203,11,317,15,114
0,5,2,119,0,1.72,203,11,317,8,114
0,5,0,80,0,2.05,204,11,318,8,114
0,5,0,80,0,1.88,204,11,318,15,114
0,5,1,85,0,1.93,204,11,318,15,114
0,5,2,90,0,2.08,204,11,318,18,114
0,5,1,108,0,1.8,204,11,318,7,114
0,5,2,119,0,1.72,204,11,318,8,114
0,5,2,119,0,1.78,204,11,318,11,114
0,5,0,95,0,2.05,205,11,319,8,114
0,5,2,95,0,1.78,205,11,319,11,114
0,5,2,95,0,2.08,205,11,319,18,114
0,5,1,108,0,1.93,205,11,319,15,114
0,5,1,108,0,1.8,205,11,319,7,114
0,5,0,149,0,1.88,205,11,319,15,114
0,5,2,219,0,1.72,205,11,319,8,114
0,5,2,95,0,2.08,206,11,320,18,114
0,5,1,108,0,1.8,206,11,320,7,114
0,5,0,149,0,2.05,206,11,320,8,114
0,5,0,128,1,4.47,206,11,320,19,114
0,5,1,134,0,1.93,206,11,320,15,114
0,5,0,149,0,1.88,206,11,320,15,114
0,5,2,189,0,1.72,206,11,320,8,114
0,5,2,219,0,1.78,206,11,320,11,114
0,5,0,85,0,2.05,207,11,321,8,114
0,5,0,85,0,1.88,207,11,321,15,114
0,5,2,95,0,1.78,207,11,321,11,114
0,5,2,95,0,2.03,207,11,321,15,114
0,5,2,95,0,2.08,207,11,321,18,114
0,5,1,108,0,1.8,207,11,321,7,114
0,5,1,108,0,1.93,207,11,321,15,114
0,5,1,111,1,4.32,207,11,321,12,114
0,5,1,134,0,1.8,208,11,322,7,114
0,5,1,134,0,1.93,208,11,322,15,114
0,5,0,149,0,2.05,208,11,322,8,114
0,5,2,189,0,2.08,208,11,322,18,114
0,5,7,168,1,6.62,208,11,322,11,114
0,5,2,219,0,1.78,208,11,322,11,114
0,5,2,259,0,1.72,208,11,322,8,114
0,5,0,289,0,1.88,208,11,322,15,114
0,5,0,95,0,1.88,209,11,323,15,114
0,5,2,95,0,2.08,209,11,323,18,114
0,5,1,108,0,1.8,209,11,323,7,114
0,5,1,108,0,1.93,209,11,323,15,114
0,5,0,149,0,2.05,209,11,323,8,114
0,5,2,158,0,1.78,209,11,323,11,114
0,5,0,177,1,4.47,209,11,323,19,114
0,5,2,289,0,1.72,209,11,323,8,114
0,5,0,80,0,2.05,210,11,324,8,114
0,5,2,90,0,2.03,210,11,324,15,114
0,5,2,90,0,2.08,210,11,324,18,114
0,5,0,95,0,1.88,210,11,324,15,114
0,5,0,103,1,4.4,210,11,324,11,114
0,5,1,108,0,1.8,210,11,324,7,114
0,5,1,108,0,1.93,210,11,324,15,114
0,5,2,119,0,1.72,210,11,324,8,114
0,5,0,80,0,2.05,211,11,325,8,114
0,5,2,90,0,1.72,211,11,325,8,114
0,5,2,90,0,1.78,211,11,325,11,114
0,5,2,90,0,2.08,211,11,325,18,114
0,5,0,95,0,1.88,211,11,325,15,114
0,5,1,108,0,1.8,211,11,325,7,114
0,5,1,108,0,1.93,211,11,325,15,114
0,5,0,95,0,2.05,212,11,326,8,114
0,5,0,103,1,4.4,212,11,326,11,114
0,5,1,108,0,1.93,212,11,326,15,114
0,5,0,120,0,1.88,212,11,326,15,114
0,5,2,150,0,1.78,212,11,326,11,114
0,5,1,134,0,1.8,212,11,326,7,114
0,5,2,150,0,2.08,212,11,326,18,114
0,5,2,244,0,1.72,212,11,326,8,114
0,5,1,134,0,1.93,213,11,327,15,114
0,5,1,179,0,1.8,213,11,327,7,114
0,5,0,213,0,2.05,213,11,327,8,114
0,5,0,213,0,1.88,213,11,327,15,114
0,5,2,214,0,2.08,213,11,327,18,114
0,5,7,163,1,6.4,213,11,327,11,114
0,5,2,274,0,1.72,213,11,327,8,114
0,5,2,274,0,2.03,213,11,327,15,114
0,5,1,134,0,1.93,214,11,328,15,114
0,5,1,179,0,1.8,214,11,328,7,114
0,5,2,223,0,2.08,214,11,328,18,114
0,5,0,233,0,2.05,214,11,328,8,114
0,5,2,197,1,5.68,214,11,328,12,114
0,5,0,233,0,1.88,214,11,328,15,114
0,5,2,284,0,1.78,214,11,328,11,114
0,5,2,289,0,2.03,214,11,328,15,114
0,5,0,144,1,5.0,215,11,329,8,114
0,5,0,160,0,2.05,215,11,329,8,114
0,5,0,160,0,1.88,215,11,329,15,114
0,5,1,179,0,1.8,215,11,329,7,114
0,5,2,213,0,1.78,215,11,329,11,114
0,5,0,143,1,5.7,215,11,329,6,114
0,5,1,214,0,1.93,215,11,329,15,114
0,5,2,274,0,1.72,215,11,329,8,114
0,5,2,274,0,2.03,215,11,329,15,114
0,5,0,95,0,1.88,216,11,330,15,114
0,5,2,129,0,2.08,216,11,330,18,114
0,5,1,134,0,1.93,216,11,330,15,114
0,5,0,149,0,2.05,216,11,330,8,114
0,5,2,158,0,1.78,216,11,330,11,114
0,5,1,179,0,1.8,216,11,330,7,114
0,5,2,189,0,2.03,216,11,330,15,114
