Origin,Destination,Price ($),Num Stops,Time to Travel,Access-Departure Days,Travel Month,Travel Day of Year,Travel Hour
2,5,89.0,0,3.48,2,4,116,21
2,5,186.0,0,3.43,2,4,116,10
2,5,186.0,0,3.5,2,4,116,13
2,5,186.0,0,3.48,2,4,116,5
2,5,186.0,0,3.53,2,4,116,6
2,5,186.0,0,3.5,2,4,116,7
2,5,186.0,0,3.55,2,4,116,14
2,5,186.0,0,3.5,2,4,116,15
2,5,186.0,0,3.5,2,4,116,16
2,5,186.0,0,3.53,2,4,116,17
2,5,186.0,0,3.43,2,4,116,19
2,5,186.0,0,3.43,2,4,116,20
2,5,330.0,0,3.53,2,4,116,11
2,5,449.0,0,3.53,2,4,116,9
2,5,140.0,0,3.48,3,4,117,21
2,5,241.0,0,3.43,3,4,117,10
2,5,241.0,0,3.53,3,4,117,11
2,5,241.0,0,3.48,3,4,117,5
2,5,241.0,0,3.53,3,4,117,6
2,5,241.0,0,3.5,3,4,117,7
2,5,241.0,0,3.5,3,4,117,13
2,5,241.0,0,3.55,3,4,117,14
2,5,241.0,0,3.5,3,4,117,15
2,5,241.0,0,3.5,3,4,117,16
2,5,241.0,0,3.53,3,4,117,17
2,5,241.0,0,3.43,3,4,117,19
2,5,241.0,0,3.43,3,4,117,20
2,5,449.0,0,3.53,3,4,117,9
2,5,89.0,0,3.48,4,4,118,21
2,5,136.0,0,3.48,4,4,118,5
2,5,136.0,0,3.53,4,4,118,6
2,5,136.0,0,3.5,4,4,118,7
2,5,136.0,0,3.53,4,4,118,11
2,5,136.0,0,3.53,4,4,118,13
2,5,136.0,0,3.5,4,4,118,15
2,5,136.0,0,3.5,4,4,118,16
2,5,136.0,0,3.53,4,4,118,17
2,5,136.0,0,3.43,4,4,118,19
2,5,136.0,0,3.43,4,4,118,20
2,5,186.0,0,3.43,4,4,118,10
2,5,346.0,0,3.47,4,4,118,14
2,5,130.0,0,3.48,5,4,119,21
2,5,241.0,0,3.43,5,4,119,10
2,5,241.0,0,3.5,5,4,119,16
2,5,241.0,0,3.48,5,4,119,5
2,5,241.0,0,3.53,5,4,119,6
2,5,241.0,0,3.5,5,4,119,7
2,5,241.0,0,3.53,5,4,119,17
2,5,241.0,0,3.43,5,4,119,20
2,5,262.0,0,3.53,5,4,119,9
2,5,316.0,0,3.55,5,4,119,14
2,5,339.0,0,3.5,5,4,119,15
2,5,339.0,0,3.43,5,4,119,19
2,5,449.0,0,3.53,5,4,119,11
2,5,449.0,0,3.5,5,4,119,13
2,5,186.0,0,3.5,6,4,120,7
2,5,186.0,0,3.43,6,4,120,10
2,5,186.0,0,3.48,6,4,120,5
2,5,186.0,0,3.53,6,4,120,6
2,5,186.0,0,3.5,6,4,120,13
2,5,186.0,0,3.55,6,4,120,14
2,5,186.0,0,3.5,6,4,120,15
2,5,186.0,0,3.5,6,4,120,16
2,5,186.0,0,3.53,6,4,120,17
2,5,186.0,0,3.43,6,4,120,19
2,5,186.0,0,3.43,6,4,120,20
2,5,214.0,0,3.53,6,4,120,9
2,5,214.0,0,3.53,6,4,120,11
2,5,89.0,0,3.48,7,4,121,21
2,5,110.0,0,3.5,7,4,121,13
2,5,115.0,0,3.43,7,4,121,10
2,5,88.0,1,9.95,7,4,121,6
2,5,89.0,1,6.95,7,4,121,17
2,5,110.0,0,3.53,7,4,121,6
2,5,110.0,0,3.5,7,4,121,7
2,5,110.0,0,3.5,7,4,121,15
2,5,110.0,0,3.5,7,4,121,16
2,5,110.0,0,3.53,7,4,121,17
2,5,110.0,0,3.43,7,4,121,19
2,5,110.0,0,3.43,7,4,121,20
2,5,115.0,0,3.48,7,4,121,5
2,5,174.0,0,3.53,7,4,121,9
2,5,174.0,0,3.53,7,4,121,11
2,5,110.0,0,3.5,8,5,122,16
2,5,115.0,0,3.55,8,5,122,14
2,5,110.0,0,3.53,8,5,122,6
2,5,110.0,0,3.5,8,5,122,7
2,5,110.0,0,3.53,8,5,122,17
2,5,110.0,0,3.42,8,5,122,19
2,5,110.0,0,3.43,8,5,122,20
2,5,115.0,0,3.48,8,5,122,5
2,5,174.0,0,3.5,8,5,122,15
2,5,189.0,0,3.53,8,5,122,9
2,5,189.0,0,3.53,8,5,122,11
2,5,209.0,0,3.43,8,5,122,10
2,5,257.0,0,3.5,8,5,122,13
2,5,160.0,0,3.5,9,5,123,7
2,5,160.0,0,3.55,9,5,123,14
2,5,160.0,0,3.48,9,5,123,5
2,5,160.0,0,3.53,9,5,123,6
2,5,160.0,0,3.43,9,5,123,19
2,5,160.0,0,3.43,9,5,123,20
2,5,180.0,0,3.5,9,5,123,16
2,5,180.0,0,3.53,9,5,123,17
2,5,201.0,0,3.5,9,5,123,15
2,5,220.0,0,3.53,9,5,123,11
2,5,220.0,0,3.5,9,5,123,13
2,5,289.0,0,3.43,9,5,123,10
2,5,308.0,0,3.53,9,5,123,9
2,5,160.0,0,3.43,10,5,124,10
2,5,160.0,0,3.55,10,5,124,14
2,5,180.0,0,3.5,10,5,124,15
2,5,160.0,0,3.48,10,5,124,5
2,5,160.0,0,3.53,10,5,124,6
2,5,160.0,0,3.5,10,5,124,7
2,5,160.0,0,3.43,10,5,124,19
2,5,160.0,0,3.43,10,5,124,20
2,5,180.0,0,3.53,10,5,124,17
2,5,201.0,0,3.5,10,5,124,13
2,5,201.0,0,3.5,10,5,124,16
2,5,222.0,0,3.53,10,5,124,11
2,5,335.0,0,3.53,10,5,124,9
2,5,110.0,0,3.5,11,5,125,15
2,5,115.0,0,3.43,11,5,125,10
2,5,110.0,0,3.53,11,5,125,6
2,5,110.0,0,3.5,11,5,125,7
2,5,110.0,0,3.5,11,5,125,16
2,5,110.0,0,3.53,11,5,125,17
2,5,110.0,0,3.43,11,5,125,19
2,5,110.0,0,3.43,11,5,125,20
2,5,115.0,0,3.48,11,5,125,5
2,5,115.0,0,3.47,11,5,125,14
2,5,125.0,0,3.53,11,5,125,11
2,5,178.0,0,3.53,11,5,125,9
2,5,189.0,0,3.53,11,5,125,13
2,5,180.0,0,3.5,12,5,126,16
2,5,215.0,0,3.5,12,5,126,14
2,5,160.0,0,3.48,12,5,126,5
2,5,160.0,0,3.53,12,5,126,6
2,5,160.0,0,3.5,12,5,126,7
2,5,160.0,0,3.43,12,5,126,19
2,5,160.0,0,3.43,12,5,126,20
2,5,201.0,0,3.53,12,5,126,17
2,5,205.0,0,3.5,12,5,126,15
2,5,222.0,0,3.53,12,5,126,11
2,5,258.0,0,3.53,12,5,126,9
2,5,276.0,0,3.5,12,5,126,13
2,5,289.0,0,3.43,12,5,126,10
2,5,160.0,0,3.5,13,5,127,7
2,5,160.0,0,3.47,13,5,127,10
2,5,103.0,1,7.72,13,5,127,11
2,5,160.0,0,3.53,13,5,127,6
2,5,160.0,0,3.47,13,5,127,7
2,5,160.0,0,3.48,13,5,127,13
2,5,160.0,0,3.43,13,5,127,19
2,5,160.0,0,3.43,13,5,127,20
2,5,180.0,0,3.5,13,5,127,15
2,5,180.0,0,3.5,13,5,127,16
2,5,180.0,0,3.53,13,5,127,17
2,5,268.0,0,3.5,13,5,127,13
2,5,296.0,0,3.53,13,5,127,11
2,5,345.0,0,3.53,13,5,127,9
2,5,90.0,0,3.47,14,5,128,10
2,5,90.0,0,3.5,14,5,128,15
2,5,90.0,0,3.53,14,5,128,6
2,5,90.0,0,3.47,14,5,128,7
2,5,90.0,0,3.5,14,5,128,7
2,5,90.0,0,3.48,14,5,128,13
2,5,90.0,0,3.5,14,5,128,16
2,5,90.0,0,3.53,14,5,128,17
2,5,90.0,0,3.43,14,5,128,19
2,5,90.0,0,3.43,14,5,128,20
2,5,182.0,0,3.53,14,5,128,11
2,5,188.0,0,3.5,14,5,128,13
2,5,276.0,0,3.53,14,5,128,9
2,5,29.0,0,3.48,15,5,129,21
2,5,90.0,0,3.48,15,5,129,13
2,5,90.0,0,3.5,15,5,129,15
2,5,90.0,0,3.53,15,5,129,6
2,5,90.0,0,3.47,15,5,129,7
2,5,90.0,0,3.5,15,5,129,7
2,5,90.0,0,3.47,15,5,129,10
2,5,90.0,0,3.5,15,5,129,16
2,5,90.0,0,3.53,15,5,129,17
2,5,90.0,0,3.43,15,5,129,19
2,5,90.0,0,3.43,15,5,129,20
2,5,203.0,0,3.53,15,5,129,11
2,5,252.0,0,3.53,15,5,129,13
2,5,297.0,0,3.53,15,5,129,9
2,5,39.0,0,3.48,16,5,130,21
2,5,130.0,0,3.47,16,5,130,7
2,5,145.0,0,3.5,16,5,130,16
2,5,130.0,0,3.53,16,5,130,6
2,5,130.0,0,3.5,16,5,130,7
2,5,130.0,0,3.43,16,5,130,19
2,5,130.0,0,3.43,16,5,130,20
2,5,145.0,0,3.53,16,5,130,17
2,5,155.0,0,3.5,16,5,130,15
2,5,209.0,0,3.48,16,5,130,13
2,5,252.0,0,3.53,16,5,130,11
2,5,252.0,0,3.5,16,5,130,13
2,5,289.0,0,3.47,16,5,130,10
2,5,345.0,0,3.53,16,5,130,9
2,5,39.0,0,3.48,17,5,131,21
2,5,145.0,0,3.48,17,5,131,13
2,5,145.0,0,3.53,17,5,131,17
2,5,130.0,0,3.53,17,5,131,6
2,5,130.0,0,3.47,17,5,131,7
2,5,130.0,0,3.43,17,5,131,19
2,5,130.0,0,3.43,17,5,131,20
2,5,155.0,0,3.5,17,5,131,7
2,5,155.0,0,3.5,17,5,131,15
2,5,155.0,0,3.5,17,5,131,16
2,5,209.0,0,3.47,17,5,131,10
2,5,258.0,0,3.5,17,5,131,13
2,5,308.0,0,3.53,17,5,131,11
2,5,335.0,0,3.53,17,5,131,9
2,5,29.0,0,3.48,18,5,132,21
2,5,90.0,0,3.47,18,5,132,7
2,5,90.0,0,3.5,18,5,132,15
2,5,90.0,0,3.53,18,5,132,6
2,5,90.0,0,3.5,18,5,132,7
2,5,90.0,0,3.5,18,5,132,16
2,5,90.0,0,3.53,18,5,132,17
2,5,90.0,0,3.43,18,5,132,19
2,5,90.0,0,3.43,18,5,132,20
2,5,159.0,0,3.48,18,5,132,13
2,5,188.0,0,3.53,18,5,132,9
2,5,188.0,0,3.53,18,5,132,11
2,5,209.0,0,3.47,18,5,132,10
2,5,308.0,0,3.53,18,5,132,13
2,5,39.0,0,3.48,19,5,133,21
2,5,130.0,0,3.47,19,5,133,7
2,5,145.0,0,3.53,19,5,133,17
2,5,123.0,1,24.38,19,5,133,18
2,5,130.0,0,3.53,19,5,133,6
2,5,130.0,0,3.5,19,5,133,7
2,5,130.0,0,3.43,19,5,133,19
2,5,130.0,0,3.43,19,5,133,20
2,5,159.0,0,3.5,19,5,133,16
2,5,196.0,0,3.5,19,5,133,15
2,5,209.0,0,3.48,19,5,133,13
2,5,258.0,0,3.53,19,5,133,9
2,5,289.0,0,3.47,19,5,133,10
2,5,296.0,0,3.53,19,5,133,11
2,5,296.0,0,3.5,19,5,133,13
2,5,130.0,0,3.47,20,5,134,10
2,5,130.0,0,3.43,20,5,134,20
2,5,127.0,1,10.65,20,5,134,20
2,5,130.0,0,3.53,20,5,134,6
2,5,130.0,0,3.47,20,5,134,7
2,5,130.0,0,3.48,20,5,134,13
2,5,130.0,0,3.43,20,5,134,19
2,5,145.0,0,3.5,20,5,134,16
2,5,145.0,0,3.53,20,5,134,17
2,5,159.0,0,3.5,20,5,134,7
2,5,159.0,0,3.5,20,5,134,15
2,5,308.0,0,3.53,20,5,134,11
2,5,308.0,0,3.5,20,5,134,13
2,5,449.0,0,3.53,20,5,134,9
2,5,29.0,0,3.48,21,5,135,21
2,5,65.0,0,3.47,21,5,135,7
2,5,65.0,0,3.5,21,5,135,16
2,5,65.0,0,3.53,21,5,135,6
2,5,65.0,0,3.5,21,5,135,7
2,5,65.0,0,3.53,21,5,135,17
2,5,65.0,0,3.43,21,5,135,19
2,5,65.0,0,3.43,21,5,135,20
2,5,76.0,0,3.5,21,5,135,15
2,5,90.0,0,3.48,21,5,135,13
2,5,159.0,0,3.47,21,5,135,10
2,5,184.0,0,3.53,21,5,135,11
2,5,220.0,0,3.5,21,5,135,13
2,5,276.0,0,3.53,21,5,135,9
2,5,65.0,0,3.5,22,5,136,7
2,5,65.0,0,3.47,22,5,136,10
2,5,65.0,0,3.48,22,5,136,13
2,5,65.0,0,3.53,22,5,136,6
2,5,65.0,0,3.47,22,5,136,7
2,5,65.0,0,3.43,22,5,136,19
2,5,65.0,0,3.43,22,5,136,20
2,5,76.0,0,3.5,22,5,136,16
2,5,76.0,0,3.53,22,5,136,17
2,5,156.0,0,3.5,22,5,136,15
2,5,220.0,0,3.53,22,5,136,11
2,5,276.0,0,3.53,22,5,136,9
2,5,347.0,0,3.53,22,5,136,13
2,5,78.0,0,3.47,23,5,137,7
2,5,78.0,0,3.43,23,5,137,20
2,5,125.0,0,3.53,23,5,137,6
2,5,125.0,0,3.5,23,5,137,7
2,5,125.0,0,3.43,23,5,137,19
2,5,138.0,0,3.47,23,5,137,10
2,5,138.0,0,3.48,23,5,137,13
2,5,187.0,0,3.5,23,5,137,16
2,5,218.0,0,3.5,23,5,137,15
2,5,218.0,0,3.53,23,5,137,17
2,5,276.0,0,3.53,23,5,137,11
2,5,276.0,0,3.5,23,5,137,13
2,5,336.0,0,3.53,23,5,137,9
2,5,78.0,0,3.43,24,5,138,19
2,5,138.0,0,3.48,24,5,138,13
2,5,78.0,0,3.43,24,5,138,20
2,5,88.0,0,3.53,24,5,138,6
2,5,93.0,0,3.53,24,5,138,17
2,5,158.0,0,3.5,24,5,138,7
2,5,158.0,0,3.5,24,5,138,15
2,5,158.0,0,3.5,24,5,138,16
2,5,159.0,0,3.47,24,5,138,7
2,5,289.0,0,3.47,24,5,138,10
2,5,295.0,0,3.5,24,5,138,13
2,5,308.0,0,3.53,24,5,138,11
2,5,352.0,0,3.53,24,5,138,9
2,5,78.0,0,3.48,25,5,139,13
2,5,78.0,0,3.5,25,5,139,16
2,5,78.0,0,3.47,25,5,139,7
2,5,78.0,0,3.5,25,5,139,7
2,5,78.0,0,3.53,25,5,139,17
2,5,78.0,0,3.43,25,5,139,19
2,5,78.0,0,3.43,25,5,139,20
2,5,84.0,0,3.53,25,5,139,6
2,5,125.0,0,3.5,25,5,139,15
2,5,135.0,0,3.47,25,5,139,10
2,5,184.0,0,3.53,25,5,139,11
2,5,252.0,0,3.53,25,5,139,9
2,5,449.0,0,3.53,25,5,139,13
2,5,78.0,0,3.5,26,5,140,7
2,5,82.0,0,3.63,26,5,140,17
2,5,93.0,0,3.47,26,5,140,7
2,5,78.0,0,3.53,26,5,140,6
2,5,78.0,0,3.43,26,5,140,20
2,5,125.0,0,3.43,26,5,140,19
2,5,158.0,0,3.53,26,5,140,17
2,5,182.0,0,3.5,26,5,140,16
2,5,209.0,0,3.48,26,5,140,13
2,5,223.0,0,3.5,26,5,140,15
2,5,264.0,0,3.53,26,5,140,11
2,5,289.0,0,3.47,26,5,140,10
2,5,308.0,0,3.53,26,5,140,9
2,5,308.0,0,3.5,26,5,140,13
2,5,78.0,0,3.47,27,5,141,7
2,5,78.0,0,3.5,27,5,141,16
2,5,78.0,0,3.53,27,5,141,6
2,5,78.0,0,3.53,27,5,141,17
2,5,78.0,0,3.43,27,5,141,19
2,5,78.0,0,3.43,27,5,141,20
2,5,88.0,0,3.5,27,5,141,7
2,5,187.0,0,3.5,27,5,141,15
2,5,209.0,0,3.47,27,5,141,10
2,5,289.0,0,3.48,27,5,141,13
2,5,308.0,0,3.53,27,5,141,11
2,5,308.0,0,3.5,27,5,141,13
2,5,449.0,0,3.53,27,5,141,9
2,5,65.0,0,3.47,28,5,142,7
2,5,65.0,0,3.5,28,5,142,16
2,5,65.0,0,3.53,28,5,142,6
2,5,65.0,0,3.5,28,5,142,7
2,5,65.0,0,3.53,28,5,142,17
2,5,65.0,0,3.43,28,5,142,19
2,5,65.0,0,3.43,28,5,142,20
2,5,86.0,0,3.5,28,5,142,15
2,5,90.0,0,3.48,28,5,142,13
2,5,135.0,0,3.47,28,5,142,10
2,5,205.0,0,3.5,28,5,142,13
2,5,252.0,0,3.53,28,5,142,11
2,5,308.0,0,3.53,28,5,142,9
2,5,65.0,0,3.47,29,5,143,7
2,5,65.0,0,3.5,29,5,143,7
2,5,65.0,0,3.53,29,5,143,6
2,5,65.0,0,3.43,29,5,143,20
2,5,108.0,0,3.48,29,5,143,13
2,5,125.0,0,3.43,29,5,143,19
2,5,135.0,0,3.47,29,5,143,10
2,5,156.0,0,3.5,29,5,143,16
2,5,156.0,0,3.53,29,5,143,17
2,5,205.0,0,3.5,29,5,143,13
2,5,209.0,0,3.53,29,5,143,11
2,5,220.0,0,3.5,29,5,143,15
2,5,297.0,0,3.5,29,5,143,9
2,5,182.0,0,3.58,30,5,144,8
2,5,209.0,0,3.48,30,5,144,13
2,5,89.0,1,8.2,30,5,144,20
2,5,93.0,1,7.63,30,5,144,11
2,5,137.0,1,8.4,30,5,144,6
2,5,182.0,0,3.52,30,5,144,20
2,5,192.0,0,3.62,30,5,144,6
2,5,209.0,0,3.47,30,5,144,7
2,5,224.0,0,3.6,30,5,144,15
2,5,239.0,0,3.68,30,5,144,16
2,5,239.0,0,3.52,30,5,144,19
2,5,269.0,0,3.58,30,5,144,11
2,5,269.0,0,3.58,30,5,144,13
2,5,289.0,0,3.47,30,5,144,10
2,5,341.0,0,3.52,30,5,144,17
2,5,459.0,0,3.58,30,5,144,9
2,5,128.0,0,3.52,31,5,145,20
2,5,289.0,0,3.47,31,5,145,10
2,5,182.0,0,3.52,31,5,145,19
2,5,203.0,0,3.58,31,5,145,6
2,5,224.0,0,3.68,31,5,145,16
2,5,224.0,0,3.52,31,5,145,17
2,5,228.0,0,3.6,31,5,145,15
2,5,239.0,0,3.58,31,5,145,8
2,5,248.0,1,7.08,31,5,145,16
2,5,278.0,0,3.58,31,5,145,13
2,5,289.0,0,3.48,31,5,145,13
2,5,309.0,0,3.58,31,5,145,11
2,5,459.0,0,3.58,31,5,145,9
2,5,78.0,0,3.52,32,5,146,17
2,5,135.0,0,3.48,32,5,146,13
2,5,84.0,0,3.58,32,5,146,6
2,5,88.0,0,3.68,32,5,146,16
2,5,98.0,1,8.4,32,5,146,6
2,5,125.0,0,3.58,32,5,146,8
2,5,125.0,0,3.6,32,5,146,15
2,5,125.0,0,3.52,32,5,146,20
2,5,135.0,0,3.47,32,5,146,7
2,5,206.0,0,3.58,32,5,146,13
2,5,209.0,0,3.47,32,5,146,10
2,5,252.0,0,3.58,32,5,146,11
2,5,295.0,0,3.58,32,5,146,9
2,5,65.0,0,3.58,33,5,147,8
2,5,88.0,0,3.47,33,5,147,7
2,5,65.0,0,3.58,33,5,147,6
2,5,125.0,0,3.6,33,5,147,15
2,5,125.0,0,3.52,33,5,147,17
2,5,125.0,0,3.52,33,5,147,20
2,5,158.0,0,3.58,33,5,147,13
2,5,158.0,0,3.68,33,5,147,16
2,5,159.0,0,3.48,33,5,147,13
2,5,192.0,0,3.58,33,5,147,9
2,5,203.0,0,3.58,33,5,147,11
2,5,78.0,0,3.58,34,5,148,6
2,5,82.0,0,3.53,34,5,148,21
2,5,138.0,0,3.47,34,5,148,7
2,5,95.0,1,9.13,34,5,148,9
2,5,156.0,0,3.58,34,5,148,8
2,5,158.0,0,3.52,34,5,148,20
2,5,182.0,0,3.52,34,5,148,19
2,5,203.0,0,3.68,34,5,148,17
2,5,221.0,0,3.68,34,5,148,16
2,5,228.0,0,3.6,34,5,148,15
2,5,276.0,0,3.58,34,5,148,13
2,5,289.0,0,3.47,34,5,148,10
2,5,289.0,0,3.48,34,5,148,13
2,5,296.0,0,3.58,34,5,148,11
2,5,335.0,0,3.58,34,5,148,9
2,5,65.0,0,3.58,35,5,149,6
2,5,96.0,0,3.63,35,5,149,17
2,5,108.0,0,3.47,35,5,149,7
2,5,88.0,0,3.52,35,5,149,20
2,5,125.0,0,3.58,35,5,149,8
2,5,125.0,0,3.68,35,5,149,16
2,5,125.0,0,3.52,35,5,149,19
2,5,159.0,0,3.47,35,5,149,10
2,5,184.0,0,3.52,35,5,149,17
2,5,209.0,0,3.48,35,5,149,13
2,5,252.0,0,3.6,35,5,149,15
2,5,307.0,0,3.58,35,5,149,11
2,5,307.0,0,3.58,35,5,149,13
2,5,449.0,0,3.58,35,5,149,9
2,5,65.0,0,3.52,36,5,150,20
2,5,88.0,0,3.47,36,5,150,7
2,5,65.0,0,3.58,36,5,150,6
2,5,88.0,0,3.58,36,5,150,8
2,5,88.0,0,3.68,36,5,150,16
2,5,88.0,0,3.52,36,5,150,19
2,5,135.0,0,3.47,36,5,150,10
2,5,135.0,0,3.48,36,5,150,13
2,5,156.0,0,3.6,36,5,150,15
2,5,156.0,0,3.52,36,5,150,17
2,5,173.0,0,3.58,36,5,150,13
2,5,220.0,0,3.58,36,5,150,11
2,5,347.0,0,3.58,36,5,150,9
2,5,77.0,0,3.58,37,5,151,6
2,5,138.0,0,3.47,37,5,151,7
2,5,114.0,1,17.3,37,5,151,18
2,5,156.0,0,3.52,37,5,151,20
2,5,158.0,0,3.58,37,5,151,8
2,5,187.0,0,3.52,37,5,151,19
2,5,205.0,0,3.68,37,5,151,16
2,5,209.0,0,3.47,37,5,151,10
2,5,209.0,0,3.48,37,5,151,13
2,5,212.0,0,3.6,37,5,151,15
2,5,218.0,0,3.58,37,5,151,13
2,5,218.0,0,3.52,37,5,151,17
2,5,307.0,0,3.58,37,5,151,11
2,5,459.0,0,3.58,37,5,151,9
2,5,125.0,0,3.52,38,5,152,19
2,5,138.0,0,3.47,38,5,152,7
2,5,125.0,0,3.52,38,5,152,20
2,5,182.0,0,3.62,38,5,152,6
2,5,182.0,0,3.58,38,5,152,8
2,5,182.0,0,3.52,38,5,152,17
2,5,203.0,0,3.68,38,5,152,16
2,5,209.0,0,3.47,38,5,152,10
2,5,209.0,0,3.48,38,5,152,13
2,5,228.0,0,3.6,38,5,152,15
2,5,276.0,0,3.58,38,5,152,13
2,5,307.0,0,3.58,38,5,152,11
2,5,459.0,0,3.58,38,5,152,9
2,5,81.0,0,3.58,39,6,153,6
2,5,108.0,0,3.47,39,6,153,7
2,5,98.0,1,7.47,39,6,153,9
2,5,125.0,0,3.58,39,6,153,8
2,5,156.0,0,3.52,39,6,153,17
2,5,171.0,0,3.68,39,6,153,16
2,5,171.0,0,3.52,39,6,153,20
2,5,209.0,0,3.47,39,6,153,10
2,5,209.0,0,3.58,39,6,153,13
2,5,220.0,0,3.6,39,6,153,15
2,5,266.0,0,3.58,39,6,153,11
2,5,289.0,0,3.48,39,6,153,13
2,5,330.0,0,3.58,39,6,153,9
2,5,78.0,0,3.58,40,6,154,6
2,5,108.0,0,3.47,40,6,154,7
2,5,108.0,0,3.5,40,6,154,19
2,5,125.0,0,3.58,40,6,154,8
2,5,158.0,0,3.52,40,6,154,20
2,5,203.0,0,3.52,40,6,154,19
2,5,209.0,0,3.47,40,6,154,10
2,5,209.0,0,3.48,40,6,154,13
2,5,228.0,0,3.52,40,6,154,17
2,5,276.0,0,3.68,40,6,154,16
2,5,307.0,0,3.58,40,6,154,9
2,5,307.0,0,3.58,40,6,154,11
2,5,352.0,0,3.6,40,6,154,15
2,5,459.0,0,3.62,40,6,154,13
2,5,78.0,0,3.58,41,6,155,6
2,5,138.0,0,3.48,41,6,155,13
2,5,86.0,0,3.52,41,6,155,20
2,5,98.0,1,6.68,41,6,155,0
2,5,125.0,0,3.58,41,6,155,8
2,5,125.0,0,3.68,41,6,155,17
2,5,125.0,0,3.52,41,6,155,19
2,5,138.0,0,3.47,41,6,155,7
2,5,158.0,0,3.68,41,6,155,16
2,5,159.0,0,3.47,41,6,155,10
2,5,187.0,0,3.6,41,6,155,15
2,5,252.0,0,3.58,41,6,155,13
2,5,276.0,0,3.58,41,6,155,11
2,5,347.0,0,3.58,41,6,155,9
2,5,65.0,0,3.47,42,6,156,7
2,5,65.0,0,3.52,42,6,156,20
2,5,76.0,0,3.63,42,6,156,17
2,5,65.0,0,3.58,42,6,156,6
2,5,82.0,0,3.58,42,6,156,8
2,5,108.0,0,3.48,42,6,156,13
2,5,125.0,0,3.68,42,6,156,16
2,5,125.0,0,3.52,42,6,156,17
2,5,125.0,0,3.52,42,6,156,19
2,5,135.0,0,3.47,42,6,156,10
2,5,220.0,0,3.58,42,6,156,13
2,5,220.0,0,3.6,42,6,156,15
2,5,276.0,0,3.58,42,6,156,11
2,5,449.0,0,3.58,42,6,156,9
2,5,65.0,0,3.57,43,6,157,7
2,5,65.0,0,3.52,43,6,157,20
2,5,65.0,0,3.58,43,6,157,6
2,5,125.0,0,3.58,43,6,157,8
2,5,125.0,0,3.68,43,6,157,16
2,5,135.0,0,3.55,43,6,157,12
2,5,156.0,0,3.52,43,6,157,19
2,5,159.0,0,3.58,43,6,157,16
2,5,184.0,0,3.52,43,6,157,17
2,5,206.0,0,3.6,43,6,157,15
2,5,276.0,0,3.58,43,6,157,11
2,5,307.0,0,3.62,43,6,157,13
2,5,347.0,0,3.58,43,6,157,9
2,5,88.0,0,3.58,44,6,158,6
2,5,138.0,0,3.55,44,6,158,12
2,5,98.0,1,7.07,44,6,158,16
2,5,108.0,0,3.57,44,6,158,7
2,5,159.0,0,3.58,44,6,158,16
2,5,159.0,0,3.52,44,6,158,20
2,5,181.0,0,3.6,44,6,158,15
2,5,181.0,0,3.52,44,6,158,19
2,5,192.0,0,3.58,44,6,158,8
2,5,195.0,0,3.68,44,6,158,16
2,5,214.0,0,3.52,44,6,158,17
2,5,218.0,0,3.58,44,6,158,13
2,5,275.0,0,3.58,44,6,158,11
2,5,307.0,0,3.58,44,6,158,9
2,5,138.0,0,3.55,45,6,159,12
2,5,138.0,0,3.58,45,6,159,16
2,5,159.0,0,3.52,45,6,159,20
2,5,98.0,1,6.95,45,6,159,0
2,5,98.0,1,9.13,45,6,159,9
2,5,138.0,0,3.57,45,6,159,7
2,5,180.0,0,3.58,45,6,159,8
2,5,180.0,0,3.52,45,6,159,19
2,5,181.0,0,3.58,45,6,159,6
2,5,224.0,0,3.6,45,6,159,15
2,5,224.0,0,3.68,45,6,159,16
2,5,224.0,0,3.52,45,6,159,17
2,5,275.0,0,3.58,45,6,159,13
2,5,307.0,0,3.58,45,6,159,11
2,5,341.0,0,3.58,45,6,159,9
2,5,78.0,0,3.57,46,6,160,7
2,5,88.0,0,3.52,46,6,160,17
2,5,78.0,0,3.58,46,6,160,6
2,5,88.0,0,3.58,46,6,160,8
2,5,125.0,0,3.68,46,6,160,16
2,5,138.0,0,3.58,46,6,160,16
2,5,159.0,0,3.55,46,6,160,12
2,5,180.0,0,3.52,46,6,160,20
2,5,181.0,0,3.6,46,6,160,15
2,5,213.0,0,3.58,46,6,160,11
2,5,213.0,0,3.58,46,6,160,13
2,5,275.0,0,3.58,46,6,160,9
2,5,78.0,0,3.58,47,6,161,6
2,5,78.0,0,3.57,47,6,161,7
2,5,128.0,0,3.53,47,6,161,21
2,5,159.0,0,3.58,47,6,161,8
2,5,209.0,0,3.58,47,6,161,16
2,5,195.0,0,3.52,47,6,161,20
2,5,224.0,0,3.52,47,6,161,19
2,5,264.0,0,3.52,47,6,161,17
2,5,280.0,0,3.55,47,6,161,12
2,5,307.0,0,3.58,47,6,161,9
2,5,307.0,0,3.6,47,6,161,15
2,5,307.0,0,3.68,47,6,161,16
2,5,352.0,0,3.58,47,6,161,11
2,5,459.0,0,3.62,47,6,161,13
2,5,78.0,0,3.57,48,6,162,7
2,5,78.0,0,3.52,48,6,162,20
2,5,78.0,0,3.58,48,6,162,6
2,5,125.0,0,3.52,48,6,162,19
2,5,138.0,0,3.58,48,6,162,16
2,5,159.0,0,3.58,48,6,162,8
2,5,159.0,0,3.55,48,6,162,12
2,5,159.0,0,3.68,48,6,162,17
2,5,195.0,0,3.68,48,6,162,16
2,5,224.0,0,3.6,48,6,162,15
2,5,295.0,0,3.58,48,6,162,11
2,5,335.0,0,3.58,48,6,162,13
2,5,459.0,0,3.58,48,6,162,9
2,5,64.0,0,3.53,49,6,163,21
2,5,65.0,0,3.57,49,6,163,7
2,5,65.0,0,3.58,49,6,163,8
2,5,65.0,0,3.58,49,6,163,6
2,5,65.0,0,3.52,49,6,163,20
2,5,88.0,0,3.55,49,6,163,12
2,5,88.0,0,3.58,49,6,163,16
2,5,88.0,0,3.52,49,6,163,19
2,5,125.0,0,3.52,49,6,163,17
2,5,213.0,0,3.58,49,6,163,13
2,5,251.0,0,3.68,49,6,163,16
2,5,275.0,0,3.58,49,6,163,11
2,5,341.0,0,3.6,49,6,163,15
2,5,352.0,0,3.58,49,6,163,9
2,5,65.0,0,3.57,50,6,164,7
2,5,65.0,0,3.58,50,6,164,8
2,5,65.0,0,3.58,50,6,164,6
2,5,65.0,0,3.52,50,6,164,20
2,5,88.0,0,3.58,50,6,164,16
2,5,108.0,0,3.55,50,6,164,12
2,5,125.0,0,3.68,50,6,164,16
2,5,125.0,0,3.52,50,6,164,17
2,5,125.0,0,3.52,50,6,164,19
2,5,159.0,0,3.6,50,6,164,15
2,5,213.0,0,3.58,50,6,164,13
2,5,275.0,0,3.58,50,6,164,11
2,5,341.0,0,3.58,50,6,164,9
2,5,78.0,0,3.58,51,6,165,6
2,5,78.0,0,3.57,51,6,165,7
2,5,80.0,1,6.85,51,6,165,10
2,5,138.0,0,3.55,51,6,165,12
2,5,138.0,0,3.58,51,6,165,16
2,5,159.0,0,3.58,51,6,165,8
2,5,180.0,0,3.52,51,6,165,19
2,5,180.0,0,3.52,51,6,165,20
2,5,195.0,0,3.6,51,6,165,15
2,5,195.0,0,3.68,51,6,165,16
2,5,195.0,0,3.52,51,6,165,17
2,5,218.0,0,3.58,51,6,165,13
2,5,275.0,0,3.58,51,6,165,11
2,5,307.0,0,3.58,51,6,165,9
2,5,138.0,0,3.55,52,6,166,12
2,5,138.0,0,3.58,52,6,166,16
2,5,159.0,0,3.58,52,6,166,8
2,5,98.0,1,6.95,52,6,166,0
2,5,105.0,1,9.18,52,6,166,9
2,5,125.0,0,3.58,52,6,166,6
2,5,138.0,0,3.57,52,6,166,7
2,5,159.0,0,3.52,52,6,166,19
2,5,159.0,0,3.52,52,6,166,20
2,5,195.0,0,3.68,52,6,166,16
2,5,195.0,0,3.52,52,6,166,17
2,5,259.0,0,3.58,52,6,166,13
2,5,275.0,0,3.58,52,6,166,11
2,5,307.0,0,3.58,52,6,166,9
2,5,307.0,0,3.6,52,6,166,15
2,5,85.0,0,3.58,53,6,167,8
2,5,88.0,0,3.57,53,6,167,7
2,5,78.0,0,3.58,53,6,167,6
2,5,125.0,0,3.68,53,6,167,16
2,5,125.0,0,3.52,53,6,167,17
2,5,138.0,0,3.58,53,6,167,16
2,5,159.0,0,3.55,53,6,167,12
2,5,180.0,0,3.52,53,6,167,20
2,5,195.0,0,3.58,53,6,167,13
2,5,213.0,0,3.58,53,6,167,11
2,5,213.0,0,3.6,53,6,167,15
2,5,275.0,0,3.58,53,6,167,9
2,5,88.0,0,3.58,54,6,168,6
2,5,108.0,0,3.57,54,6,168,7
2,5,118.0,0,3.53,54,6,168,21
2,5,159.0,0,3.58,54,6,168,8
2,5,209.0,0,3.58,54,6,168,16
2,5,180.0,0,3.52,54,6,168,20
2,5,224.0,0,3.52,54,6,168,17
2,5,224.0,0,3.52,54,6,168,19
2,5,259.0,0,3.68,54,6,168,16
2,5,275.0,0,3.58,54,6,168,11
2,5,275.0,0,3.58,54,6,168,13
2,5,275.0,0,3.6,54,6,168,15
2,5,280.0,0,3.55,54,6,168,12
2,5,296.0,0,3.58,54,6,168,9
2,5,78.0,0,3.57,55,6,169,7
2,5,78.0,0,3.52,55,6,169,20
2,5,78.0,0,3.58,55,6,169,6
2,5,108.0,0,3.58,55,6,169,16
2,5,125.0,0,3.58,55,6,169,8
2,5,125.0,0,3.52,55,6,169,19
2,5,138.0,0,3.55,55,6,169,12
2,5,159.0,0,3.68,55,6,169,16
2,5,159.0,0,3.68,55,6,169,17
2,5,195.0,0,3.6,55,6,169,15
2,5,224.0,0,3.58,55,6,169,13
2,5,295.0,0,3.58,55,6,169,11
2,5,341.0,0,3.58,55,6,169,9
2,5,64.0,0,3.53,56,6,170,21
2,5,65.0,0,3.58,56,6,170,8
2,5,108.0,0,3.55,56,6,170,12
2,5,65.0,0,3.58,56,6,170,6
2,5,65.0,0,3.52,56,6,170,20
2,5,88.0,0,3.57,56,6,170,7
2,5,108.0,0,3.58,56,6,170,16
2,5,125.0,0,3.52,56,6,170,17
2,5,125.0,0,3.52,56,6,170,19
2,5,180.0,0,3.68,56,6,170,16
2,5,213.0,0,3.58,56,6,170,13
2,5,213.0,0,3.6,56,6,170,15
2,5,275.0,0,3.58,56,6,170,11
2,5,449.0,0,3.58,56,6,170,9
2,5,75.0,0,3.58,57,6,171,6
2,5,88.0,0,3.57,57,6,171,7
2,5,125.0,0,3.58,57,6,171,8
2,5,125.0,0,3.52,57,6,171,20
2,5,138.0,0,3.55,57,6,171,12
2,5,138.0,0,3.58,57,6,171,16
2,5,159.0,0,3.52,57,6,171,19
2,5,180.0,0,3.68,57,6,171,16
2,5,181.0,0,3.52,57,6,171,17
2,5,213.0,0,3.58,57,6,171,13
2,5,213.0,0,3.6,57,6,171,15
2,5,307.0,0,3.58,57,6,171,11
2,5,352.0,0,3.58,57,6,171,9
2,5,82.0,0,3.53,58,6,172,21
2,5,86.0,0,3.58,58,6,172,6
2,5,138.0,0,3.55,58,6,172,12
2,5,98.0,1,11.17,58,6,172,8
2,5,138.0,0,3.57,58,6,172,7
2,5,138.0,0,3.58,58,6,172,16
2,5,180.0,0,3.58,58,6,172,8
2,5,192.0,0,3.52,58,6,172,20
2,5,224.0,0,3.6,58,6,172,15
2,5,224.0,0,3.68,58,6,172,16
2,5,224.0,0,3.52,58,6,172,19
2,5,259.0,0,3.52,58,6,172,17
2,5,275.0,0,3.58,58,6,172,13
2,5,307.0,0,3.58,58,6,172,11
2,5,352.0,0,3.58,58,6,172,9
2,5,138.0,0,3.58,59,6,173,16
2,5,195.0,0,3.58,59,6,173,8
2,5,98.0,1,6.95,59,6,173,0
2,5,118.0,1,11.27,59,6,173,8
2,5,138.0,0,3.57,59,6,173,7
2,5,159.0,0,3.58,59,6,173,6
2,5,180.0,0,3.52,59,6,173,19
2,5,180.0,0,3.52,59,6,173,20
2,5,209.0,0,3.55,59,6,173,12
2,5,224.0,0,3.68,59,6,173,16
2,5,224.0,0,3.52,59,6,173,17
2,5,275.0,0,3.58,59,6,173,13
2,5,307.0,0,3.58,59,6,173,11
2,5,307.0,0,3.6,59,6,173,15
2,5,459.0,0,3.58,59,6,173,9
2,5,78.0,0,3.58,60,6,174,6
2,5,78.0,0,3.57,60,6,174,7
2,5,108.0,0,3.58,60,6,174,16
2,5,125.0,0,3.58,60,6,174,8
2,5,159.0,0,3.55,60,6,174,12
2,5,159.0,0,3.68,60,6,174,16
2,5,159.0,0,3.52,60,6,174,17
2,5,181.0,0,3.52,60,6,174,20
2,5,213.0,0,3.6,60,6,174,15
2,5,251.0,0,3.58,60,6,174,13
2,5,275.0,0,3.58,60,6,174,11
2,5,296.0,0,3.58,60,6,174,9
2,5,108.0,0,3.57,61,6,175,7
2,5,156.0,0,3.53,61,6,175,21
2,5,159.0,0,3.58,61,6,175,8
2,5,125.0,0,3.62,61,6,175,6
2,5,149.0,1,10.53,61,6,175,23
2,5,192.0,0,3.52,61,6,175,20
2,5,224.0,0,3.52,61,6,175,17
2,5,224.0,0,3.52,61,6,175,19
2,5,259.0,0,3.68,61,6,175,16
2,5,275.0,0,3.6,61,6,175,15
2,5,280.0,0,3.55,61,6,175,12
2,5,307.0,0,3.58,61,6,175,9
2,5,307.0,0,3.58,61,6,175,11
2,5,346.0,0,3.58,61,6,175,16
2,5,459.0,0,3.62,61,6,175,13
2,5,78.0,0,3.58,62,6,176,6
2,5,108.0,0,3.57,62,6,176,7
2,5,85.0,0,3.52,62,6,176,20
2,5,98.0,1,6.95,62,6,176,0
2,5,125.0,0,3.58,62,6,176,8
2,5,125.0,0,3.52,62,6,176,19
2,5,138.0,0,3.58,62,6,176,16
2,5,159.0,0,3.55,62,6,176,12
2,5,180.0,0,3.68,62,6,176,17
2,5,195.0,0,3.68,62,6,176,16
2,5,224.0,0,3.6,62,6,176,15
2,5,275.0,0,3.58,62,6,176,13
2,5,307.0,0,3.58,62,6,176,11
2,5,459.0,0,3.58,62,6,176,9
2,5,64.0,0,3.53,63,6,177,21
2,5,65.0,0,3.52,63,6,177,20
2,5,88.0,0,3.58,63,6,177,16
2,5,65.0,0,3.58,63,6,177,6
2,5,88.0,0,3.57,63,6,177,7
2,5,88.0,0,3.58,63,6,177,8
2,5,108.0,0,3.55,63,6,177,12
2,5,125.0,0,3.52,63,6,177,17
2,5,125.0,0,3.52,63,6,177,19
2,5,159.0,0,3.68,63,6,177,16
2,5,213.0,0,3.58,63,6,177,13
2,5,213.0,0,3.6,63,6,177,15
2,5,307.0,0,3.58,63,6,177,11
2,5,352.0,0,3.58,63,6,177,9
2,5,65.0,0,3.52,64,6,178,20
2,5,88.0,0,3.57,64,6,178,7
2,5,65.0,0,3.58,64,6,178,6
2,5,88.0,0,3.58,64,6,178,8
2,5,125.0,0,3.52,64,6,178,19
2,5,138.0,0,3.55,64,6,178,12
2,5,138.0,0,3.58,64,6,178,16
2,5,159.0,0,3.68,64,6,178,16
2,5,180.0,0,3.52,64,6,178,17
2,5,213.0,0,3.6,64,6,178,15
2,5,264.0,0,3.58,64,6,178,13
2,5,275.0,0,3.58,64,6,178,11
2,5,335.0,0,3.58,64,6,178,9
2,5,78.0,0,3.58,65,6,179,6
2,5,88.0,0,3.58,65,6,179,7
2,5,138.0,0,3.55,65,6,179,12
2,5,85.0,1,9.68,65,6,179,9
2,5,108.0,0,3.53,65,6,179,21
2,5,125.0,0,3.52,65,6,179,19
2,5,125.0,0,3.52,65,6,179,20
2,5,159.0,0,3.52,65,6,179,18
2,5,180.0,0,3.68,65,6,179,16
2,5,181.0,0,3.52,65,6,179,17
2,5,195.0,0,3.58,65,6,179,9
2,5,195.0,0,3.58,65,6,179,13
2,5,195.0,0,3.6,65,6,179,15
2,5,209.0,0,3.58,65,6,179,16
2,5,259.0,0,3.6,65,6,179,11
2,5,88.0,0,3.52,66,6,180,19
2,5,159.0,0,3.58,66,6,180,16
2,5,125.0,0,3.58,66,6,180,6
2,5,134.0,1,6.95,66,6,180,0
2,5,138.0,0,3.57,66,6,180,7
2,5,159.0,0,3.58,66,6,180,7
2,5,159.0,0,3.52,66,6,180,18
2,5,180.0,0,3.52,66,6,180,20
2,5,195.0,0,3.5,66,6,180,17
2,5,209.0,0,3.55,66,6,180,12
2,5,214.0,0,3.58,66,6,180,9
2,5,224.0,0,3.68,66,6,180,16
2,5,259.0,0,3.58,66,6,180,13
2,5,275.0,0,3.6,66,6,180,11
2,5,275.0,0,3.6,66,6,180,15
2,5,78.0,0,3.58,67,6,181,6
2,5,78.0,0,3.58,67,6,181,7
2,5,78.0,0,3.52,67,6,181,19
2,5,209.0,0,3.55,67,6,181,12
2,5,125.0,0,3.68,67,6,181,16
2,5,125.0,0,3.52,67,6,181,17
2,5,125.0,0,3.52,67,6,181,20
2,5,146.0,1,8.93,67,6,181,23
2,5,159.0,0,3.58,67,6,181,9
2,5,159.0,0,3.6,67,6,181,15
2,5,206.0,0,3.6,67,6,181,11
2,5,209.0,0,3.57,67,6,181,7
2,5,209.0,0,3.58,67,6,181,16
2,5,251.0,0,3.58,67,6,181,13
2,5,98.0,0,3.53,68,6,182,21
2,5,108.0,0,3.57,68,6,182,7
2,5,125.0,0,3.52,68,6,182,20
2,5,125.0,0,3.58,68,6,182,6
2,5,125.0,0,3.58,68,6,182,7
2,5,159.0,0,3.52,68,6,182,19
2,5,187.0,0,3.52,68,6,182,18
2,5,209.0,0,3.58,68,6,182,16
2,5,214.0,0,3.58,68,6,182,9
2,5,224.0,0,3.6,68,6,182,15
2,5,224.0,0,3.68,68,6,182,16
2,5,224.0,0,3.52,68,6,182,17
2,5,259.0,0,3.6,68,6,182,11
2,5,275.0,0,3.58,68,6,182,13
2,5,346.0,0,3.55,68,6,182,12
2,5,65.0,0,3.52,69,7,183,19
2,5,88.0,0,3.57,69,7,183,7
2,5,65.0,0,3.58,69,7,183,6
2,5,79.0,0,3.58,69,7,183,7
2,5,79.0,0,3.52,69,7,183,20
2,5,80.0,0,3.52,69,7,183,18
2,5,125.0,0,3.68,69,7,183,16
2,5,125.0,0,3.52,69,7,183,17
2,5,138.0,0,3.55,69,7,183,12
2,5,138.0,0,3.58,69,7,183,16
2,5,180.0,0,3.58,69,7,183,9
2,5,180.0,0,3.58,69,7,183,13
2,5,180.0,0,3.6,69,7,183,15
2,5,195.0,0,3.6,69,7,183,11
2,5,64.0,0,3.63,70,7,184,16
2,5,65.0,0,3.68,70,7,184,16
2,5,88.0,0,3.58,70,7,184,16
2,5,65.0,0,3.58,70,7,184,6
2,5,65.0,0,3.58,70,7,184,7
2,5,65.0,0,3.52,70,7,184,18
2,5,65.0,0,3.52,70,7,184,19
2,5,65.0,0,3.52,70,7,184,20
2,5,75.0,0,3.52,70,7,184,17
2,5,88.0,0,3.57,70,7,184,7
2,5,108.0,0,3.55,70,7,184,12
2,5,125.0,0,3.58,70,7,184,9
2,5,125.0,0,3.6,70,7,184,15
2,5,181.0,0,3.6,70,7,184,11
2,5,213.0,0,3.62,70,7,184,13
2,5,65.0,0,3.52,71,7,185,19
2,5,88.0,0,3.57,71,7,185,7
2,5,64.0,0,3.6,71,7,185,21
2,5,65.0,0,3.58,71,7,185,6
2,5,75.0,0,3.58,71,7,185,7
2,5,75.0,0,3.52,71,7,185,18
2,5,125.0,0,3.58,71,7,185,9
2,5,125.0,0,3.6,71,7,185,15
2,5,125.0,0,3.68,71,7,185,16
2,5,125.0,0,3.52,71,7,185,17
2,5,138.0,0,3.55,71,7,185,12
2,5,138.0,0,3.58,71,7,185,16
2,5,180.0,0,3.58,71,7,185,13
2,5,213.0,0,3.6,71,7,185,11
2,5,65.0,0,3.58,72,7,186,7
2,5,79.0,0,3.63,72,7,186,16
2,5,82.0,0,3.58,72,7,186,13
2,5,82.0,0,3.6,72,7,186,15
2,5,65.0,0,3.58,72,7,186,6
2,5,79.0,0,3.52,72,7,186,20
2,5,88.0,0,3.57,72,7,186,7
2,5,88.0,0,3.68,72,7,186,16
2,5,125.0,0,3.58,72,7,186,9
2,5,125.0,0,3.52,72,7,186,17
2,5,138.0,0,3.55,72,7,186,12
2,5,180.0,0,3.6,72,7,186,11
2,5,49.0,0,3.6,73,7,187,21
2,5,65.0,0,3.52,73,7,187,20
2,5,88.0,0,3.62,73,7,187,15
2,5,86.0,0,3.52,73,7,187,19
2,5,88.0,0,3.58,73,7,187,6
2,5,88.0,0,3.55,73,7,187,7
2,5,88.0,0,3.52,73,7,187,18
2,5,108.0,0,3.57,73,7,187,12
2,5,125.0,0,3.58,73,7,187,7
2,5,125.0,0,3.6,73,7,187,15
2,5,125.0,0,3.68,73,7,187,16
2,5,125.0,0,3.52,73,7,187,17
2,5,159.0,0,3.58,73,7,187,9
2,5,181.0,0,3.58,73,7,187,13
2,5,195.0,0,3.6,73,7,187,11
2,5,88.0,0,3.58,74,7,188,6
2,5,88.0,0,3.55,74,7,188,7
2,5,88.0,0,3.58,74,7,188,7
2,5,108.0,0,3.52,74,7,188,20
2,5,159.0,0,3.58,74,7,188,9
2,5,159.0,0,3.62,74,7,188,15
2,5,159.0,0,3.52,74,7,188,19
2,5,180.0,0,3.52,74,7,188,17
2,5,180.0,0,3.52,74,7,188,20
2,5,192.0,0,3.68,74,7,188,16
2,5,209.0,0,3.57,74,7,188,12
2,5,213.0,0,3.6,74,7,188,11
2,5,213.0,0,3.58,74,7,188,13
2,5,251.0,0,3.6,74,7,188,15
2,5,78.0,0,3.58,75,7,189,6
2,5,138.0,0,3.55,75,7,189,7
2,5,159.0,0,3.58,75,7,189,7
2,5,167.0,1,6.95,75,7,189,0
2,5,218.0,0,3.52,75,7,189,20
2,5,224.0,0,3.52,75,7,189,18
2,5,224.0,0,3.52,75,7,189,19
2,5,275.0,0,3.58,75,7,189,9
2,5,275.0,0,3.52,75,7,189,17
2,5,280.0,0,3.62,75,7,189,15
2,5,289.0,0,3.63,75,7,189,16
2,5,307.0,0,3.6,75,7,189,11
2,5,307.0,0,3.58,75,7,189,13
2,5,307.0,0,3.6,75,7,189,15
2,5,307.0,0,3.68,75,7,189,16
2,5,346.0,0,3.57,75,7,189,12
2,5,82.0,0,3.6,76,7,190,21
2,5,88.0,0,3.52,76,7,190,20
2,5,138.0,0,3.55,76,7,190,6
2,5,125.0,0,3.58,76,7,190,6
2,5,125.0,0,3.58,76,7,190,7
2,5,125.0,0,3.52,76,7,190,19
2,5,181.0,0,3.52,76,7,190,18
2,5,187.0,0,3.52,76,7,190,17
2,5,209.0,0,3.57,76,7,190,12
2,5,209.0,0,3.62,76,7,190,15
2,5,218.0,0,3.58,76,7,190,9
2,5,224.0,0,3.6,76,7,190,15
2,5,259.0,0,3.68,76,7,190,16
2,5,335.0,0,3.58,76,7,190,13
2,5,352.0,0,3.6,76,7,190,11
2,5,57.0,0,3.63,77,7,191,16
2,5,65.0,0,3.58,77,7,191,7
2,5,65.0,0,3.57,77,7,191,12
2,5,65.0,0,3.58,77,7,191,6
2,5,65.0,0,3.52,77,7,191,18
2,5,65.0,0,3.52,77,7,191,19
2,5,65.0,0,3.52,77,7,191,20
2,5,75.0,0,3.52,77,7,191,17
2,5,88.0,0,3.55,77,7,191,7
2,5,88.0,0,3.62,77,7,191,15
2,5,88.0,0,3.68,77,7,191,16
2,5,125.0,0,3.58,77,7,191,9
2,5,159.0,0,3.6,77,7,191,15
2,5,213.0,0,3.6,77,7,191,11
2,5,275.0,0,3.62,77,7,191,13
2,5,65.0,0,3.55,78,7,192,7
2,5,65.0,0,3.52,78,7,192,19
2,5,88.0,0,3.62,78,7,192,15
2,5,57.0,0,3.6,78,7,192,21
2,5,65.0,0,3.58,78,7,192,6
2,5,65.0,0,3.58,78,7,192,7
2,5,65.0,0,3.52,78,7,192,20
2,5,75.0,0,3.52,78,7,192,18
2,5,108.0,0,3.57,78,7,192,12
2,5,125.0,0,3.58,78,7,192,9
2,5,125.0,0,3.68,78,7,192,16
2,5,125.0,0,3.52,78,7,192,17
2,5,180.0,0,3.6,78,7,192,15
2,5,195.0,0,3.58,78,7,192,13
2,5,213.0,0,3.6,78,7,192,11
2,5,78.0,0,3.58,79,7,193,6
2,5,88.0,0,3.62,79,7,193,15
2,5,89.0,0,3.63,79,7,193,16
2,5,88.0,0,3.55,79,7,193,7
2,5,125.0,0,3.52,79,7,193,19
2,5,125.0,0,3.52,79,7,193,20
2,5,138.0,0,3.57,79,7,193,12
2,5,159.0,0,3.58,79,7,193,7
2,5,159.0,0,3.52,79,7,193,18
2,5,180.0,0,3.68,79,7,193,16
2,5,180.0,0,3.52,79,7,193,17
2,5,195.0,0,3.6,79,7,193,15
2,5,214.0,0,3.58,79,7,193,9
2,5,214.0,0,3.58,79,7,193,13
2,5,224.0,0,3.6,79,7,193,11
2,5,78.0,0,3.52,80,7,194,19
2,5,138.0,0,3.57,80,7,194,12
2,5,78.0,0,3.58,80,7,194,6
2,5,98.0,1,7.03,80,7,194,0
2,5,125.0,0,3.58,80,7,194,7
2,5,125.0,0,3.52,80,7,194,17
2,5,125.0,0,3.52,80,7,194,18
2,5,125.0,0,3.52,80,7,194,20
2,5,138.0,0,3.55,80,7,194,7
2,5,138.0,0,3.62,80,7,194,15
2,5,180.0,0,3.58,80,7,194,9
2,5,195.0,0,3.68,80,7,194,16
2,5,214.0,0,3.58,80,7,194,13
2,5,224.0,0,3.6,80,7,194,11
2,5,224.0,0,3.6,80,7,194,15
2,5,78.0,0,3.52,81,7,195,19
2,5,88.0,0,3.55,81,7,195,7
2,5,85.0,0,3.58,81,7,195,6
2,5,86.0,0,3.58,81,7,195,7
2,5,125.0,0,3.58,81,7,195,9
2,5,125.0,0,3.52,81,7,195,17
2,5,125.0,0,3.52,81,7,195,20
2,5,138.0,0,3.62,81,7,195,15
2,5,159.0,0,3.57,81,7,195,12
2,5,159.0,0,3.6,81,7,195,15
2,5,159.0,0,3.68,81,7,195,16
2,5,251.0,0,3.6,81,7,195,11
2,5,251.0,0,3.58,81,7,195,13
2,5,78.0,0,3.58,82,7,196,6
2,5,88.0,0,3.55,82,7,196,7
2,5,128.0,0,3.63,82,7,196,16
2,5,98.0,1,7.03,82,7,196,0
2,5,159.0,0,3.58,82,7,196,7
2,5,195.0,0,3.58,82,7,196,9
2,5,195.0,0,3.52,82,7,196,18
2,5,195.0,0,3.52,82,7,196,19
2,5,195.0,0,3.52,82,7,196,20
2,5,224.0,0,3.68,82,7,196,16
2,5,224.0,0,3.52,82,7,196,17
2,5,275.0,0,3.6,82,7,196,15
2,5,280.0,0,3.57,82,7,196,12
2,5,280.0,0,3.62,82,7,196,15
2,5,307.0,0,3.6,82,7,196,11
2,5,307.0,0,3.58,82,7,196,13
2,5,78.0,0,3.58,83,7,197,6
2,5,88.0,0,3.55,83,7,197,7
2,5,88.0,0,3.52,83,7,197,20
2,5,125.0,0,3.58,83,7,197,7
2,5,125.0,0,3.52,83,7,197,19
2,5,159.0,0,3.57,83,7,197,12
2,5,159.0,0,3.62,83,7,197,15
2,5,159.0,0,3.52,83,7,197,18
2,5,195.0,0,3.52,83,7,197,17
2,5,214.0,0,3.58,83,7,197,9
2,5,224.0,0,3.6,83,7,197,15
2,5,259.0,0,3.68,83,7,197,16
2,5,264.0,0,3.58,83,7,197,13
2,5,307.0,0,3.6,83,7,197,11
2,5,64.0,0,3.63,84,7,198,16
2,5,65.0,0,3.58,84,7,198,7
2,5,108.0,0,3.57,84,7,198,12
2,5,65.0,0,3.58,84,7,198,6
2,5,65.0,0,3.52,84,7,198,19
2,5,65.0,0,3.52,84,7,198,20
2,5,75.0,0,3.52,84,7,198,18
2,5,88.0,0,3.55,84,7,198,7
2,5,108.0,0,3.62,84,7,198,15
2,5,125.0,0,3.52,84,7,198,17
2,5,159.0,0,3.6,84,7,198,15
2,5,180.0,0,3.58,84,7,198,9
2,5,180.0,0,3.68,84,7,198,16
2,5,213.0,0,3.6,84,7,198,11
2,5,307.0,0,3.62,84,7,198,13
2,5,57.0,0,3.6,85,7,199,21
2,5,65.0,0,3.58,85,7,199,7
2,5,65.0,0,3.52,85,7,199,19
2,5,65.0,0,3.52,85,7,199,20
2,5,108.0,0,3.57,85,7,199,12
2,5,65.0,0,3.58,85,7,199,6
2,5,88.0,0,3.55,85,7,199,7
2,5,88.0,0,3.52,85,7,199,18
2,5,108.0,0,3.62,85,7,199,15
2,5,125.0,0,3.52,85,7,199,17
2,5,159.0,0,3.58,85,7,199,9
2,5,159.0,0,3.68,85,7,199,16
2,5,195.0,0,3.6,85,7,199,15
2,5,213.0,0,3.6,85,7,199,11
2,5,213.0,0,3.58,85,7,199,13
2,5,78.0,0,3.58,86,7,200,6
2,5,138.0,0,3.62,86,7,200,15
2,5,98.0,1,7.03,86,7,200,0
2,5,108.0,0,3.55,86,7,200,7
2,5,125.0,0,3.58,86,7,200,7
2,5,125.0,0,3.52,86,7,200,19
2,5,159.0,0,3.52,86,7,200,18
2,5,159.0,0,3.52,86,7,200,20
2,5,195.0,0,3.58,86,7,200,9
2,5,195.0,0,3.6,86,7,200,15
2,5,195.0,0,3.68,86,7,200,16
2,5,195.0,0,3.52,86,7,200,17
2,5,224.0,0,3.6,86,7,200,11
2,5,224.0,0,3.58,86,7,200,13
2,5,280.0,0,3.57,86,7,200,12
2,5,108.0,0,3.55,87,7,201,7
2,5,125.0,0,3.52,87,7,201,19
2,5,98.0,1,7.03,87,7,201,0
2,5,125.0,0,3.58,87,7,201,6
2,5,159.0,0,3.62,87,7,201,15
2,5,180.0,0,3.58,87,7,201,7
2,5,180.0,0,3.52,87,7,201,18
2,5,181.0,0,3.52,87,7,201,20
2,5,195.0,0,3.58,87,7,201,9
2,5,209.0,0,3.57,87,7,201,12
2,5,214.0,0,3.52,87,7,201,17
2,5,224.0,0,3.68,87,7,201,16
2,5,275.0,0,3.6,87,7,201,11
2,5,307.0,0,3.6,87,7,201,15
2,5,335.0,0,3.58,87,7,201,13
2,5,82.0,0,3.52,88,7,202,20
2,5,88.0,0,3.55,88,7,202,7
2,5,88.0,0,3.52,88,7,202,19
2,5,125.0,0,3.58,88,7,202,6
2,5,125.0,0,3.58,88,7,202,7
2,5,125.0,0,3.52,88,7,202,20
2,5,138.0,0,3.62,88,7,202,15
2,5,159.0,0,3.58,88,7,202,9
2,5,159.0,0,3.57,88,7,202,12
2,5,159.0,0,3.52,88,7,202,17
2,5,181.0,0,3.68,88,7,202,16
2,5,195.0,0,3.6,88,7,202,15
2,5,213.0,0,3.6,88,7,202,11
2,5,213.0,0,3.58,88,7,202,13
2,5,78.0,0,3.58,89,7,203,6
2,5,88.0,0,3.55,89,7,203,7
2,5,144.0,0,3.63,89,7,203,16
2,5,134.0,1,7.03,89,7,203,0
2,5,159.0,0,3.58,89,7,203,7
2,5,192.0,0,3.58,89,7,203,9
2,5,195.0,0,3.52,89,7,203,20
2,5,224.0,0,3.52,89,7,203,18
2,5,224.0,0,3.52,89,7,203,19
2,5,275.0,0,3.68,89,7,203,16
2,5,275.0,0,3.52,89,7,203,17
2,5,280.0,0,3.57,89,7,203,12
2,5,280.0,0,3.62,89,7,203,15
2,5,307.0,0,3.6,89,7,203,11
2,5,307.0,0,3.6,89,7,203,15
2,5,352.0,0,3.58,89,7,203,13
2,5,78.0,0,3.58,90,7,204,6
2,5,86.0,0,3.52,90,7,204,20
2,5,88.0,0,3.55,90,7,204,7
2,5,88.0,0,3.58,90,7,204,7
2,5,89.0,0,3.6,90,7,204,21
2,5,125.0,0,3.52,90,7,204,18
2,5,125.0,0,3.52,90,7,204,19
2,5,159.0,0,3.57,90,7,204,12
2,5,159.0,0,3.62,90,7,204,15
2,5,159.0,0,3.52,90,7,204,17
2,5,180.0,0,3.68,90,7,204,16
2,5,192.0,0,3.58,90,7,204,9
2,5,224.0,0,3.58,90,7,204,13
2,5,224.0,0,3.6,90,7,204,15
2,5,275.0,0,3.6,90,7,204,11
2,5,64.0,0,3.63,91,7,205,16
2,5,65.0,0,3.58,91,7,205,7
2,5,108.0,0,3.57,91,7,205,12
2,5,65.0,0,3.58,91,7,205,6
2,5,65.0,0,3.52,91,7,205,18
2,5,65.0,0,3.52,91,7,205,19
2,5,65.0,0,3.52,91,7,205,20
2,5,88.0,0,3.55,91,7,205,7
2,5,88.0,0,3.52,91,7,205,17
2,5,108.0,0,3.62,91,7,205,15
2,5,159.0,0,3.58,91,7,205,9
2,5,159.0,0,3.6,91,7,205,15
2,5,180.0,0,3.68,91,7,205,16
2,5,213.0,0,3.6,91,7,205,11
2,5,264.0,0,3.62,91,7,205,13
2,5,65.0,0,3.55,92,7,206,7
2,5,65.0,0,3.52,92,7,206,19
2,5,88.0,0,3.62,92,7,206,15
2,5,57.0,0,3.6,92,7,206,21
2,5,65.0,0,3.58,92,7,206,6
2,5,65.0,0,3.58,92,7,206,7
2,5,65.0,0,3.52,92,7,206,20
2,5,88.0,0,3.52,92,7,206,18
2,5,108.0,0,3.57,92,7,206,12
2,5,125.0,0,3.68,92,7,206,16
2,5,125.0,0,3.52,92,7,206,17
2,5,159.0,0,3.6,92,7,206,15
2,5,187.0,0,3.58,92,7,206,9
2,5,195.0,0,3.58,92,7,206,13
2,5,213.0,0,3.6,92,7,206,11
2,5,88.0,0,3.58,93,7,207,6
2,5,138.0,0,3.62,93,7,207,15
2,5,98.0,1,7.03,93,7,207,0
2,5,108.0,0,3.55,93,7,207,7
2,5,125.0,0,3.58,93,7,207,7
2,5,125.0,0,3.52,93,7,207,19
2,5,125.0,0,3.52,93,7,207,20
2,5,159.0,0,3.52,93,7,207,18
2,5,180.0,0,3.52,93,7,207,17
2,5,181.0,0,3.6,93,7,207,15
2,5,192.0,0,3.58,93,7,207,9
2,5,195.0,0,3.58,93,7,207,13
2,5,195.0,0,3.68,93,7,207,16
2,5,209.0,0,3.57,93,7,207,12
2,5,224.0,0,3.6,93,7,207,11
2,5,86.0,0,3.52,94,7,208,19
2,5,138.0,0,3.57,94,7,208,12
2,5,98.0,1,7.03,94,7,208,0
2,5,125.0,0,3.58,94,7,208,6
2,5,125.0,0,3.52,94,7,208,18
2,5,138.0,0,3.55,94,7,208,7
2,5,159.0,0,3.58,94,7,208,7
2,5,159.0,0,3.52,94,7,208,20
2,5,180.0,0,3.52,94,7,208,17
2,5,195.0,0,3.58,94,7,208,9
2,5,195.0,0,3.68,94,7,208,16
2,5,209.0,0,3.62,94,7,208,15
2,5,259.0,0,3.6,94,7,208,11
2,5,275.0,0,3.58,94,7,208,13
2,5,275.0,0,3.6,94,7,208,15
2,5,65.0,0,3.52,95,7,209,20
2,5,78.0,0,3.58,95,7,209,7
2,5,108.0,0,3.62,95,7,209,15
2,5,78.0,0,3.58,95,7,209,6
2,5,88.0,0,3.55,95,7,209,7
2,5,88.0,0,3.52,95,7,209,19
2,5,125.0,0,3.58,95,7,209,9
2,5,125.0,0,3.52,95,7,209,20
2,5,159.0,0,3.57,95,7,209,12
2,5,180.0,0,3.6,95,7,209,15
2,5,180.0,0,3.52,95,7,209,17
2,5,181.0,0,3.68,95,7,209,16
2,5,206.0,0,3.58,95,7,209,13
2,5,213.0,0,3.6,95,7,209,11
2,5,78.0,0,3.58,96,7,210,6
2,5,88.0,0,3.55,96,7,210,7
2,5,128.0,0,3.63,96,7,210,16
2,5,98.0,1,7.03,96,7,210,0
2,5,159.0,0,3.58,96,7,210,7
2,5,195.0,0,3.58,96,7,210,9
2,5,195.0,0,3.52,96,7,210,20
2,5,209.0,0,3.62,96,7,210,15
2,5,224.0,0,3.52,96,7,210,18
2,5,224.0,0,3.52,96,7,210,19
2,5,275.0,0,3.68,96,7,210,16
2,5,275.0,0,3.52,96,7,210,17
2,5,280.0,0,3.57,96,7,210,12
2,5,307.0,0,3.6,96,7,210,15
2,5,335.0,0,3.6,96,7,210,11
2,5,352.0,0,3.58,96,7,210,13
2,5,78.0,0,3.58,97,7,211,6
2,5,88.0,0,3.55,97,7,211,7
2,5,88.0,0,3.52,97,7,211,20
2,5,125.0,0,3.58,97,7,211,7
2,5,159.0,0,3.57,97,7,211,12
2,5,159.0,0,3.62,97,7,211,15
2,5,159.0,0,3.52,97,7,211,18
2,5,180.0,0,3.58,97,7,211,9
2,5,180.0,0,3.68,97,7,211,16
2,5,180.0,0,3.52,97,7,211,17
2,5,181.0,0,3.52,97,7,211,19
2,5,195.0,0,3.6,97,7,211,15
2,5,224.0,0,3.58,97,7,211,13
2,5,275.0,0,3.6,97,7,211,11
2,5,65.0,0,3.58,98,7,212,7
2,5,65.0,0,3.52,98,7,212,19
2,5,65.0,0,3.52,98,7,212,20
2,5,108.0,0,3.57,98,7,212,12
2,5,65.0,0,3.58,98,7,212,6
2,5,88.0,0,3.55,98,7,212,7
2,5,88.0,0,3.52,98,7,212,18
2,5,97.0,0,3.63,98,7,212,16
2,5,108.0,0,3.62,98,7,212,15
2,5,125.0,0,3.68,98,7,212,16
2,5,125.0,0,3.52,98,7,212,17
2,5,180.0,0,3.58,98,7,212,9
2,5,195.0,0,3.6,98,7,212,15
2,5,213.0,0,3.6,98,7,212,11
2,5,295.0,0,3.62,98,7,212,13
2,5,65.0,0,3.58,99,7,213,6
2,5,88.0,0,3.55,99,7,213,7
2,5,88.0,0,3.52,99,7,213,19
2,5,88.0,0,3.52,99,7,213,20
2,5,79.0,0,3.6,99,7,213,21
2,5,88.0,0,3.58,99,7,213,7
2,5,125.0,0,3.52,99,7,213,17
2,5,125.0,0,3.52,99,7,213,18
2,5,138.0,0,3.57,99,7,213,12
2,5,138.0,0,3.62,99,7,213,15
2,5,159.0,0,3.68,99,7,213,16
2,5,180.0,0,3.6,99,7,213,15
2,5,181.0,0,3.58,99,7,213,9
2,5,213.0,0,3.58,99,7,213,13
2,5,254.0,0,3.6,99,7,213,11
2,5,88.0,0,3.55,100,8,214,7
2,5,88.0,0,3.52,100,8,214,19
2,5,108.0,0,3.63,100,8,214,16
2,5,78.0,0,3.58,100,8,214,6
2,5,98.0,1,7.03,100,8,214,0
2,5,138.0,0,3.57,100,8,214,12
2,5,159.0,0,3.58,100,8,214,7
2,5,159.0,0,3.62,100,8,214,15
2,5,159.0,0,3.68,100,8,214,16
2,5,159.0,0,3.52,100,8,214,18
2,5,159.0,0,3.52,100,8,214,20
2,5,180.0,0,3.52,100,8,214,17
2,5,195.0,0,3.58,100,8,214,9
2,5,195.0,0,3.6,100,8,214,15
2,5,224.0,0,3.58,100,8,214,13
2,5,259.0,0,3.6,100,8,214,11
2,5,78.0,0,3.52,101,8,215,19
2,5,138.0,0,3.57,101,8,215,12
2,5,78.0,0,3.58,101,8,215,6
2,5,98.0,1,7.03,101,8,215,0
2,5,125.0,0,3.58,101,8,215,7
2,5,125.0,0,3.52,101,8,215,18
2,5,125.0,0,3.52,101,8,215,20
2,5,138.0,0,3.55,101,8,215,7
2,5,138.0,0,3.62,101,8,215,15
2,5,159.0,0,3.52,101,8,215,17
2,5,180.0,0,3.58,101,8,215,9
2,5,180.0,0,3.68,101,8,215,16
2,5,214.0,0,3.58,101,8,215,13
2,5,224.0,0,3.6,101,8,215,15
2,5,307.0,0,3.6,101,8,215,11
2,5,85.0,0,3.58,102,8,216,7
2,5,138.0,0,3.57,102,8,216,12
2,5,78.0,0,3.58,102,8,216,6
2,5,98.0,1,8.85,102,8,216,0
2,5,98.0,1,8.85,102,8,216,5
2,5,108.0,0,3.55,102,8,216,7
2,5,125.0,0,3.58,102,8,216,9
2,5,125.0,0,3.52,102,8,216,20
2,5,159.0,0,3.62,102,8,216,15
2,5,159.0,0,3.68,102,8,216,16
2,5,159.0,0,3.52,102,8,216,17
2,5,180.0,0,3.52,102,8,216,19
2,5,213.0,0,3.6,102,8,216,11
2,5,251.0,0,3.58,102,8,216,13
2,5,264.0,0,3.6,102,8,216,15
2,5,85.0,0,3.58,103,8,217,6
2,5,108.0,0,3.55,103,8,217,7
2,5,138.0,0,3.63,103,8,217,16
2,5,134.0,1,7.03,103,8,217,0
2,5,159.0,0,3.58,103,8,217,7
2,5,187.0,0,3.52,103,8,217,20
2,5,209.0,0,3.62,103,8,217,15
2,5,218.0,0,3.52,103,8,217,19
2,5,224.0,0,3.52,103,8,217,17
2,5,224.0,0,3.52,103,8,217,18
2,5,259.0,0,3.68,103,8,217,16
2,5,275.0,0,3.58,103,8,217,9
2,5,275.0,0,3.58,103,8,217,13
2,5,280.0,0,3.57,103,8,217,12
2,5,307.0,0,3.6,103,8,217,15
2,5,341.0,0,3.6,103,8,217,11
2,5,78.0,0,3.58,104,8,218,7
2,5,78.0,0,3.52,104,8,218,19
2,5,78.0,0,3.52,104,8,218,20
2,5,82.0,0,3.6,104,8,218,21
2,5,88.0,0,3.55,104,8,218,7
2,5,78.0,0,3.58,104,8,218,6
2,5,88.0,0,3.52,104,8,218,18
2,5,159.0,0,3.57,104,8,218,12
2,5,159.0,0,3.68,104,8,218,16
2,5,159.0,0,3.52,104,8,218,17
2,5,180.0,0,3.58,104,8,218,9
2,5,195.0,0,3.6,104,8,218,15
2,5,209.0,0,3.62,104,8,218,15
2,5,224.0,0,3.6,104,8,218,11
2,5,275.0,0,3.58,104,8,218,13
2,5,65.0,0,3.58,105,8,219,7
2,5,65.0,0,3.68,105,8,219,16
2,5,65.0,0,3.52,105,8,219,17
2,5,79.0,0,3.63,105,8,219,16
2,5,88.0,0,3.52,105,8,219,5
2,5,65.0,0,3.58,105,8,219,6
2,5,65.0,0,3.52,105,8,219,18
2,5,65.0,0,3.52,105,8,219,19
2,5,65.0,0,3.52,105,8,219,20
2,5,108.0,0,3.63,105,8,219,16
2,5,125.0,0,3.58,105,8,219,9
2,5,138.0,0,3.57,105,8,219,10
2,5,195.0,0,3.6,105,8,219,11
2,5,195.0,0,3.6,105,8,219,15
2,5,213.0,0,3.62,105,8,219,13
2,5,65.0,0,3.58,106,8,220,7
2,5,65.0,0,3.52,106,8,220,18
2,5,65.0,0,3.52,106,8,220,19
2,5,65.0,0,3.52,106,8,220,20
2,5,65.0,0,3.58,106,8,220,6
2,5,88.0,0,3.52,106,8,220,5
2,5,88.0,0,3.68,106,8,220,16
2,5,88.0,0,3.52,106,8,220,17
2,5,125.0,0,3.58,106,8,220,9
2,5,125.0,0,3.6,106,8,220,15
2,5,138.0,0,3.57,106,8,220,10
2,5,180.0,0,3.58,106,8,220,13
2,5,181.0,0,3.6,106,8,220,11
2,5,209.0,0,3.63,106,8,220,16
2,5,78.0,0,3.58,107,8,221,6
2,5,88.0,0,3.52,107,8,221,5
2,5,125.0,0,3.58,107,8,221,7
2,5,125.0,0,3.52,107,8,221,18
2,5,125.0,0,3.52,107,8,221,19
2,5,125.0,0,3.52,107,8,221,20
2,5,159.0,0,3.57,107,8,221,10
2,5,159.0,0,3.63,107,8,221,16
2,5,180.0,0,3.58,107,8,221,9
2,5,180.0,0,3.52,107,8,221,17
2,5,195.0,0,3.68,107,8,221,16
2,5,214.0,0,3.58,107,8,221,13
2,5,214.0,0,3.6,107,8,221,15
2,5,224.0,0,3.6,107,8,221,11
2,5,78.0,0,3.52,108,8,222,19
2,5,88.0,0,3.52,108,8,222,5
2,5,85.0,0,3.58,108,8,222,6
2,5,125.0,0,3.58,108,8,222,7
2,5,125.0,0,3.52,108,8,222,18
2,5,125.0,0,3.52,108,8,222,20
2,5,138.0,0,3.63,108,8,222,16
2,5,159.0,0,3.52,108,8,222,17
2,5,180.0,0,3.58,108,8,222,9
2,5,181.0,0,3.68,108,8,222,16
2,5,209.0,0,3.57,108,8,222,10
2,5,224.0,0,3.58,108,8,222,13
2,5,259.0,0,3.6,108,8,222,11
2,5,335.0,0,3.6,108,8,222,15
2,5,78.0,0,3.58,109,8,223,7
2,5,88.0,0,3.52,109,8,223,5
2,5,78.0,0,3.58,109,8,223,6
2,5,78.0,0,3.52,109,8,223,19
2,5,125.0,0,3.58,109,8,223,9
2,5,125.0,0,3.68,109,8,223,16
2,5,138.0,0,3.57,109,8,223,10
2,5,159.0,0,3.6,109,8,223,15
2,5,159.0,0,3.52,109,8,223,17
2,5,159.0,0,3.52,109,8,223,20
2,5,209.0,0,3.63,109,8,223,16
2,5,213.0,0,3.6,109,8,223,11
2,5,254.0,0,3.58,109,8,223,13
2,5,78.0,0,3.58,110,8,224,6
2,5,88.0,0,3.52,110,8,224,5
2,5,159.0,0,3.57,110,8,224,10
2,5,215.0,0,3.63,110,8,224,16
2,5,163.0,1,24.33,110,8,224,18
2,5,180.0,0,3.58,110,8,224,7
2,5,195.0,0,3.58,110,8,224,9
2,5,195.0,0,3.52,110,8,224,20
2,5,224.0,0,3.52,110,8,224,18
2,5,224.0,0,3.52,110,8,224,19
2,5,259.0,0,3.52,110,8,224,17
2,5,280.0,0,3.63,110,8,224,16
2,5,307.0,0,3.58,110,8,224,13
2,5,307.0,0,3.6,110,8,224,15
2,5,335.0,0,3.68,110,8,224,16
2,5,352.0,0,3.6,110,8,224,11
2,5,78.0,0,3.58,111,8,225,6
2,5,78.0,0,3.52,111,8,225,19
2,5,88.0,0,3.52,111,8,225,5
2,5,82.0,0,3.6,111,8,225,21
2,5,85.0,0,3.52,111,8,225,20
2,5,88.0,0,3.58,111,8,225,7
2,5,88.0,0,3.52,111,8,225,18
2,5,125.0,0,3.52,111,8,225,17
2,5,159.0,0,3.57,111,8,225,10
2,5,159.0,0,3.68,111,8,225,16
2,5,180.0,0,3.58,111,8,225,9
2,5,181.0,0,3.6,111,8,225,15
2,5,195.0,0,3.58,111,8,225,13
2,5,209.0,0,3.63,111,8,225,16
2,5,259.0,0,3.6,111,8,225,11
2,5,65.0,0,3.52,112,8,226,17
2,5,108.0,0,3.57,112,8,226,10
2,5,65.0,0,3.58,112,8,226,6
2,5,65.0,0,3.58,112,8,226,7
2,5,65.0,0,3.68,112,8,226,16
2,5,65.0,0,3.52,112,8,226,18
2,5,65.0,0,3.52,112,8,226,19
2,5,65.0,0,3.52,112,8,226,20
2,5,88.0,0,3.52,112,8,226,5
2,5,88.0,0,3.58,112,8,226,9
2,5,108.0,0,3.63,112,8,226,16
2,5,181.0,0,3.6,112,8,226,15
2,5,213.0,0,3.6,112,8,226,11
2,5,264.0,0,3.62,112,8,226,13
2,5,65.0,0,3.68,113,8,227,16
2,5,65.0,0,3.52,113,8,227,18
2,5,65.0,0,3.58,113,8,227,6
2,5,65.0,0,3.58,113,8,227,7
2,5,65.0,0,3.52,113,8,227,19
2,5,65.0,0,3.52,113,8,227,20
2,5,88.0,0,3.52,113,8,227,5
2,5,88.0,0,3.58,113,8,227,9
2,5,88.0,0,3.6,113,8,227,15
2,5,88.0,0,3.52,113,8,227,17
2,5,125.0,0,3.58,113,8,227,13
2,5,159.0,0,3.57,113,8,227,10
2,5,159.0,0,3.6,113,8,227,11
2,5,159.0,0,3.63,113,8,227,16
2,5,78.0,0,3.52,114,8,228,19
2,5,88.0,0,3.52,114,8,228,5
2,5,78.0,0,3.58,114,8,228,6
2,5,78.0,0,3.58,114,8,228,7
2,5,78.0,0,3.52,114,8,228,20
2,5,88.0,0,3.52,114,8,228,18
2,5,125.0,0,3.68,114,8,228,16
2,5,125.0,0,3.52,114,8,228,17
2,5,159.0,0,3.58,114,8,228,9
2,5,159.0,0,3.57,114,8,228,10
2,5,159.0,0,3.6,114,8,228,15
2,5,159.0,0,3.63,114,8,228,16
2,5,180.0,0,3.6,114,8,228,11
2,5,180.0,0,3.58,114,8,228,13
2,5,49.0,0,3.6,115,8,229,21
2,5,85.0,0,3.52,115,8,229,17
2,5,108.0,0,3.63,115,8,229,16
2,5,78.0,0,3.58,115,8,229,6
2,5,78.0,0,3.58,115,8,229,7
2,5,78.0,0,3.52,115,8,229,18
2,5,78.0,0,3.52,115,8,229,19
2,5,88.0,0,3.6,115,8,229,15
2,5,88.0,0,3.52,115,8,229,20
2,5,98.0,1,6.45,115,8,229,0
2,5,108.0,0,3.52,115,8,229,5
2,5,125.0,0,3.58,115,8,229,9
2,5,125.0,0,3.68,115,8,229,16
2,5,159.0,0,3.57,115,8,229,10
2,5,180.0,0,3.58,115,8,229,13
2,5,218.0,0,3.6,115,8,229,11
2,5,78.0,0,3.58,116,8,230,9
2,5,88.0,0,3.52,116,8,230,5
2,5,78.0,0,3.58,116,8,230,6
2,5,78.0,0,3.58,116,8,230,7
2,5,78.0,0,3.6,116,8,230,15
2,5,78.0,0,3.68,116,8,230,16
2,5,78.0,0,3.52,116,8,230,19
2,5,78.0,0,3.52,116,8,230,20
2,5,88.0,0,3.52,116,8,230,17
2,5,138.0,0,3.63,116,8,230,16
2,5,159.0,0,3.57,116,8,230,10
2,5,159.0,0,3.6,116,8,230,11
2,5,195.0,0,3.58,116,8,230,13
2,5,78.0,0,3.58,117,8,231,6
2,5,88.0,0,3.52,117,8,231,5
2,5,128.0,0,3.63,117,8,231,16
2,5,80.0,1,8.17,117,8,231,0
2,5,125.0,0,3.58,117,8,231,7
2,5,159.0,0,3.58,117,8,231,9
2,5,159.0,0,3.57,117,8,231,10
2,5,159.0,0,3.52,117,8,231,19
2,5,159.0,0,3.52,117,8,231,20
2,5,195.0,0,3.52,117,8,231,18
2,5,214.0,0,3.68,117,8,231,16
2,5,224.0,0,3.6,117,8,231,11
2,5,224.0,0,3.52,117,8,231,17
2,5,259.0,0,3.6,117,8,231,15
2,5,275.0,0,3.58,117,8,231,13
2,5,280.0,0,3.63,117,8,231,16
2,5,78.0,0,3.57,118,8,232,16
2,5,88.0,0,3.52,118,8,232,5
2,5,78.0,0,3.58,118,8,232,6
2,5,78.0,0,3.55,118,8,232,7
2,5,78.0,0,3.57,118,8,232,17
2,5,78.0,0,3.55,118,8,232,18
2,5,78.0,0,3.55,118,8,232,19
2,5,78.0,0,3.45,118,8,232,20
2,5,88.0,0,3.55,118,8,232,15
2,5,159.0,0,3.57,118,8,232,10
2,5,180.0,0,3.58,118,8,232,11
2,5,180.0,0,3.57,118,8,232,13
2,5,195.0,0,3.58,118,8,232,9
2,5,280.0,0,3.63,118,8,232,16
2,5,65.0,0,3.55,119,8,233,15
2,5,88.0,0,3.57,119,8,233,10
2,5,65.0,0,3.58,119,8,233,6
2,5,65.0,0,3.55,119,8,233,7
2,5,65.0,0,3.57,119,8,233,16
2,5,65.0,0,3.57,119,8,233,17
2,5,65.0,0,3.55,119,8,233,18
2,5,65.0,0,3.55,119,8,233,19
2,5,65.0,0,3.45,119,8,233,20
2,5,88.0,0,3.52,119,8,233,5
2,5,88.0,0,3.58,119,8,233,11
2,5,88.0,0,3.63,119,8,233,16
2,5,125.0,0,3.58,119,8,233,9
2,5,159.0,0,3.6,119,8,233,13
2,5,39.0,0,3.6,120,8,234,21
2,5,65.0,0,3.55,120,8,234,15
2,5,65.0,0,3.57,120,8,234,16
2,5,65.0,0,3.57,120,8,234,17
2,5,65.0,0,3.58,120,8,234,6
2,5,65.0,0,3.55,120,8,234,7
2,5,65.0,0,3.55,120,8,234,18
2,5,65.0,0,3.55,120,8,234,19
2,5,65.0,0,3.45,120,8,234,20
2,5,88.0,0,3.52,120,8,234,5
2,5,108.0,0,3.57,120,8,234,10
2,5,108.0,0,3.63,120,8,234,16
2,5,125.0,0,3.58,120,8,234,9
2,5,125.0,0,3.58,120,8,234,11
2,5,125.0,0,3.57,120,8,234,13
2,5,78.0,0,3.57,121,8,235,16
2,5,108.0,0,3.63,121,8,235,16
2,5,78.0,0,3.58,121,8,235,6
2,5,78.0,0,3.55,121,8,235,7
2,5,78.0,0,3.55,121,8,235,19
2,5,88.0,0,3.52,121,8,235,5
2,5,125.0,0,3.55,121,8,235,18
2,5,125.0,0,3.45,121,8,235,20
2,5,159.0,0,3.57,121,8,235,10
2,5,159.0,0,3.55,121,8,235,15
2,5,159.0,0,3.6,121,8,235,17
2,5,195.0,0,3.57,121,8,235,13
2,5,214.0,0,3.58,121,8,235,11
2,5,224.0,0,3.58,121,8,235,9
2,5,49.0,0,3.6,122,8,236,21
2,5,78.0,0,3.55,122,8,236,15
2,5,78.0,0,3.57,122,8,236,16
2,5,78.0,0,3.57,122,8,236,17
2,5,108.0,0,3.63,122,8,236,16
2,5,78.0,0,3.58,122,8,236,6
2,5,78.0,0,3.55,122,8,236,7
2,5,78.0,0,3.55,122,8,236,18
2,5,78.0,0,3.55,122,8,236,19
2,5,78.0,0,3.45,122,8,236,20
2,5,88.0,0,3.52,122,8,236,5
2,5,159.0,0,3.57,122,8,236,10
2,5,187.0,0,3.57,122,8,236,13
2,5,195.0,0,3.58,122,8,236,9
2,5,195.0,0,3.58,122,8,236,11
2,5,39.0,0,3.52,123,8,237,20
2,5,78.0,0,3.55,123,8,237,15
2,5,88.0,0,3.57,123,8,237,10
2,5,78.0,0,3.58,123,8,237,6
2,5,78.0,0,3.55,123,8,237,7
2,5,78.0,0,3.57,123,8,237,16
2,5,78.0,0,3.57,123,8,237,17
2,5,78.0,0,3.55,123,8,237,18
2,5,78.0,0,3.55,123,8,237,19
2,5,78.0,0,3.45,123,8,237,20
2,5,88.0,0,3.52,123,8,237,5
2,5,108.0,0,3.63,123,8,237,16
2,5,125.0,0,3.58,123,8,237,9
2,5,125.0,0,3.58,123,8,237,11
2,5,125.0,0,3.57,123,8,237,13
2,5,78.0,0,3.55,124,8,238,7
2,5,88.0,0,3.52,124,8,238,5
2,5,89.0,0,3.63,124,8,238,16
2,5,78.0,0,3.58,124,8,238,6
2,5,80.0,1,8.17,124,8,238,0
2,5,88.0,0,3.55,124,8,238,19
2,5,125.0,0,3.57,124,8,238,17
2,5,125.0,0,3.45,124,8,238,20
2,5,159.0,0,3.55,124,8,238,18
2,5,192.0,0,3.57,124,8,238,16
2,5,195.0,0,3.58,124,8,238,9
2,5,209.0,0,3.57,124,8,238,10
2,5,209.0,0,3.63,124,8,238,16
2,5,214.0,0,3.58,124,8,238,11
2,5,214.0,0,3.55,124,8,238,15
2,5,224.0,0,3.57,124,8,238,13
2,5,78.0,0,3.57,125,8,239,16
2,5,88.0,0,3.52,125,8,239,5
2,5,78.0,0,3.58,125,8,239,6
2,5,78.0,0,3.55,125,8,239,7
2,5,78.0,0,3.57,125,8,239,17
2,5,78.0,0,3.55,125,8,239,18
2,5,78.0,0,3.55,125,8,239,19
2,5,78.0,0,3.45,125,8,239,20
2,5,88.0,0,3.55,125,8,239,15
2,5,159.0,0,3.57,125,8,239,10
2,5,159.0,0,3.63,125,8,239,16
2,5,180.0,0,3.58,125,8,239,11
2,5,181.0,0,3.57,125,8,239,13
2,5,214.0,0,3.58,125,8,239,9
2,5,64.0,0,3.63,126,8,240,16
2,5,65.0,0,3.55,126,8,240,15
2,5,65.0,0,3.57,126,8,240,16
2,5,65.0,0,3.57,126,8,240,17
2,5,108.0,0,3.57,126,8,240,10
2,5,65.0,0,3.58,126,8,240,6
2,5,65.0,0,3.55,126,8,240,7
2,5,65.0,0,3.55,126,8,240,18
2,5,65.0,0,3.55,126,8,240,19
2,5,65.0,0,3.45,126,8,240,20
2,5,88.0,0,3.52,126,8,240,5
2,5,125.0,0,3.58,126,8,240,9
2,5,125.0,0,3.58,126,8,240,11
2,5,138.0,0,3.63,126,8,240,16
2,5,251.0,0,3.6,126,8,240,13
2,5,39.0,0,3.6,127,8,241,21
2,5,65.0,0,3.55,127,8,241,15
2,5,65.0,0,3.57,127,8,241,16
2,5,65.0,0,3.57,127,8,241,17
2,5,65.0,0,3.58,127,8,241,6
2,5,65.0,0,3.55,127,8,241,7
2,5,65.0,0,3.55,127,8,241,18
2,5,65.0,0,3.55,127,8,241,19
2,5,65.0,0,3.45,127,8,241,20
2,5,88.0,0,3.52,127,8,241,5
2,5,108.0,0,3.57,127,8,241,10
2,5,108.0,0,3.63,127,8,241,16
2,5,125.0,0,3.57,127,8,241,13
2,5,187.0,0,3.58,127,8,241,11
2,5,195.0,0,3.58,127,8,241,9
2,5,78.0,0,3.57,128,8,242,16
2,5,108.0,0,3.63,128,8,242,16
2,5,78.0,0,3.58,128,8,242,6
2,5,78.0,0,3.55,128,8,242,7
2,5,78.0,0,3.55,128,8,242,19
2,5,78.0,0,3.45,128,8,242,20
2,5,88.0,0,3.52,128,8,242,5
2,5,88.0,0,3.55,128,8,242,18
2,5,125.0,0,3.6,128,8,242,17
2,5,159.0,0,3.55,128,8,242,15
2,5,195.0,0,3.57,128,8,242,13
2,5,209.0,0,3.57,128,8,242,10
2,5,218.0,0,3.58,128,8,242,11
2,5,224.0,0,3.58,128,8,242,9
2,5,78.0,0,3.55,129,8,243,19
2,5,85.0,0,3.57,129,8,243,17
2,5,88.0,0,3.52,129,8,243,5
2,5,88.0,0,3.55,129,8,243,18
2,5,88.0,0,3.58,129,8,243,6
2,5,128.0,0,3.55,129,8,243,7
2,5,128.0,0,3.57,129,8,243,16
2,5,128.0,0,3.45,129,8,243,20
2,5,138.0,0,3.63,129,8,243,16
2,5,159.0,0,3.57,129,8,243,10
2,5,180.0,0,3.55,129,8,243,15
2,5,214.0,0,3.57,129,8,243,13
2,5,224.0,0,3.58,129,8,243,9
2,5,224.0,0,3.58,129,8,243,11
2,5,39.0,0,3.52,130,8,244,20
2,5,78.0,0,3.55,130,8,244,15
2,5,78.0,0,3.57,130,8,244,16
2,5,78.0,0,3.57,130,8,244,17
2,5,108.0,0,3.63,130,8,244,16
2,5,78.0,0,3.58,130,8,244,6
2,5,78.0,0,3.55,130,8,244,7
2,5,78.0,0,3.55,130,8,244,18
2,5,78.0,0,3.55,130,8,244,19
2,5,78.0,0,3.45,130,8,244,20
2,5,88.0,0,3.52,130,8,244,5
2,5,138.0,0,3.57,130,8,244,10
2,5,180.0,0,3.58,130,8,244,9
2,5,180.0,0,3.58,130,8,244,11
2,5,180.0,0,3.57,130,8,244,13
2,5,78.0,0,3.57,131,9,245,17
2,5,78.0,0,3.45,131,9,245,20
2,5,78.0,0,3.58,131,9,245,6
2,5,78.0,0,3.55,131,9,245,7
2,5,78.0,0,3.55,131,9,245,19
2,5,88.0,0,3.55,131,9,245,18
2,5,103.0,1,6.55,131,9,245,11
2,5,128.0,0,3.58,131,9,245,9
2,5,128.0,0,3.57,131,9,245,16
2,5,138.0,0,3.52,131,9,245,5
2,5,159.0,0,3.58,131,9,245,11
2,5,159.0,0,3.55,131,9,245,15
2,5,192.0,0,3.57,131,9,245,13
2,5,209.0,0,3.57,131,9,245,10
2,5,209.0,0,3.63,131,9,245,16
2,5,88.0,0,3.58,132,9,246,6
2,5,148.0,0,3.6,132,9,246,21
2,5,159.0,0,3.55,132,9,246,7
2,5,209.0,0,3.52,132,9,246,5
2,5,89.0,1,9.53,132,9,246,16
2,5,162.0,1,6.45,132,9,246,0
2,5,187.0,0,3.45,132,9,246,20
2,5,195.0,0,3.57,132,9,246,17
2,5,195.0,0,3.55,132,9,246,19
2,5,224.0,0,3.57,132,9,246,16
2,5,224.0,0,3.55,132,9,246,18
2,5,275.0,0,3.58,132,9,246,9
2,5,289.0,0,3.57,132,9,246,10
2,5,289.0,0,3.63,132,9,246,16
2,5,307.0,0,3.58,132,9,246,11
2,5,335.0,0,3.57,132,9,246,13
2,5,352.0,0,3.55,132,9,246,15
2,5,65.0,0,3.57,133,9,247,17
2,5,65.0,0,3.55,133,9,247,18
2,5,65.0,0,3.58,133,9,247,6
2,5,65.0,0,3.55,133,9,247,19
2,5,75.0,0,3.55,133,9,247,7
2,5,82.0,0,3.57,133,9,247,16
2,5,84.0,0,3.45,133,9,247,20
2,5,123.0,1,6.45,133,9,247,0
2,5,195.0,0,3.55,133,9,247,15
2,5,209.0,0,3.52,133,9,247,5
2,5,209.0,0,3.57,133,9,247,10
2,5,209.0,0,3.63,133,9,247,16
2,5,275.0,0,3.58,133,9,247,9
2,5,275.0,0,3.58,133,9,247,11
2,5,335.0,0,3.6,133,9,247,13
2,5,39.0,0,3.6,134,9,248,21
2,5,65.0,0,3.55,134,9,248,15
2,5,65.0,0,3.57,134,9,248,16
2,5,65.0,0,3.57,134,9,248,17
2,5,88.0,0,3.58,134,9,248,14
2,5,65.0,0,3.58,134,9,248,6
2,5,65.0,0,3.55,134,9,248,7
2,5,65.0,0,3.55,134,9,248,18
2,5,65.0,0,3.55,134,9,248,19
2,5,65.0,0,3.45,134,9,248,20
2,5,88.0,0,3.52,134,9,248,7
2,5,108.0,0,3.57,134,9,248,10
2,5,108.0,0,3.63,134,9,248,16
2,5,125.0,0,3.57,134,9,248,13
2,5,187.0,0,3.58,134,9,248,9
2,5,192.0,0,3.58,134,9,248,11
2,5,78.0,0,3.57,135,9,249,16
2,5,108.0,0,3.57,135,9,249,10
2,5,78.0,0,3.58,135,9,249,6
2,5,78.0,0,3.55,135,9,249,7
2,5,78.0,0,3.6,135,9,249,17
2,5,78.0,0,3.55,135,9,249,18
2,5,78.0,0,3.55,135,9,249,19
2,5,78.0,0,3.45,135,9,249,20
2,5,86.0,0,3.55,135,9,249,15
2,5,88.0,0,3.52,135,9,249,7
2,5,108.0,0,3.58,135,9,249,14
2,5,108.0,0,3.63,135,9,249,16
2,5,159.0,0,3.57,135,9,249,13
2,5,195.0,0,3.58,135,9,249,9
2,5,195.0,0,3.58,135,9,249,11
2,5,49.0,0,3.6,136,9,250,21
2,5,78.0,0,3.57,136,9,250,16
2,5,88.0,0,3.63,136,9,250,16
2,5,78.0,0,3.58,136,9,250,6
2,5,78.0,0,3.55,136,9,250,7
2,5,78.0,0,3.57,136,9,250,17
2,5,78.0,0,3.55,136,9,250,18
2,5,78.0,0,3.55,136,9,250,19
2,5,88.0,0,3.52,136,9,250,7
2,5,88.0,0,3.55,136,9,250,15
2,5,88.0,0,3.45,136,9,250,20
2,5,108.0,0,3.57,136,9,250,10
2,5,108.0,0,3.58,136,9,250,14
2,5,180.0,0,3.57,136,9,250,13
2,5,195.0,0,3.58,136,9,250,11
2,5,214.0,0,3.58,136,9,250,9
2,5,39.0,0,3.52,137,9,251,20
2,5,78.0,0,3.55,137,9,251,15
2,5,88.0,0,3.58,137,9,251,14
2,5,78.0,0,3.58,137,9,251,6
2,5,78.0,0,3.55,137,9,251,7
2,5,78.0,0,3.57,137,9,251,16
2,5,78.0,0,3.57,137,9,251,17
2,5,78.0,0,3.55,137,9,251,18
2,5,78.0,0,3.55,137,9,251,19
2,5,78.0,0,3.45,137,9,251,20
2,5,88.0,0,3.52,137,9,251,7
2,5,88.0,0,3.63,137,9,251,16
2,5,138.0,0,3.57,137,9,251,10
2,5,159.0,0,3.58,137,9,251,11
2,5,180.0,0,3.58,137,9,251,9
2,5,180.0,0,3.57,137,9,251,13
2,5,78.0,0,3.58,138,9,252,6
2,5,88.0,0,3.52,138,9,252,7
2,5,128.0,0,3.63,138,9,252,16
2,5,80.0,1,8.17,138,9,252,0
2,5,128.0,0,3.55,138,9,252,7
2,5,208.0,0,3.55,138,9,252,19
2,5,208.0,0,3.45,138,9,252,20
2,5,209.0,0,3.58,138,9,252,14
2,5,229.0,0,3.57,138,9,252,16
2,5,229.0,0,3.57,138,9,252,17
2,5,229.0,0,3.55,138,9,252,18
2,5,275.0,0,3.58,138,9,252,9
2,5,289.0,0,3.63,138,9,252,16
2,5,307.0,0,3.58,138,9,252,11
2,5,307.0,0,3.55,138,9,252,15
2,5,341.0,0,3.57,138,9,252,13
2,5,346.0,0,3.57,138,9,252,10
2,5,78.0,0,3.57,139,9,253,16
2,5,88.0,0,3.52,139,9,253,7
2,5,78.0,0,3.58,139,9,253,6
2,5,78.0,0,3.55,139,9,253,7
2,5,78.0,0,3.57,139,9,253,17
2,5,78.0,0,3.55,139,9,253,18
2,5,78.0,0,3.55,139,9,253,19
2,5,78.0,0,3.45,139,9,253,20
2,5,108.0,0,3.58,139,9,253,14
2,5,159.0,0,3.57,139,9,253,10
2,5,159.0,0,3.63,139,9,253,16
2,5,180.0,0,3.55,139,9,253,15
2,5,264.0,0,3.57,139,9,253,13
2,5,275.0,0,3.58,139,9,253,9
2,5,275.0,0,3.58,139,9,253,11
2,5,65.0,0,3.57,140,9,254,16
2,5,88.0,0,3.57,140,9,254,10
2,5,65.0,0,3.58,140,9,254,6
2,5,65.0,0,3.55,140,9,254,7
2,5,65.0,0,3.57,140,9,254,17
2,5,65.0,0,3.55,140,9,254,18
2,5,65.0,0,3.55,140,9,254,19
2,5,65.0,0,3.45,140,9,254,20
2,5,82.0,0,3.55,140,9,254,15
2,5,88.0,0,3.52,140,9,254,7
2,5,88.0,0,3.58,140,9,254,14
2,5,88.0,0,3.63,140,9,254,16
2,5,180.0,0,3.58,140,9,254,11
2,5,195.0,0,3.58,140,9,254,9
2,5,251.0,0,3.6,140,9,254,13
2,5,39.0,0,3.6,141,9,255,21
2,5,65.0,0,3.57,141,9,255,16
2,5,88.0,0,3.58,141,9,255,14
2,5,65.0,0,3.58,141,9,255,6
2,5,65.0,0,3.55,141,9,255,7
2,5,65.0,0,3.57,141,9,255,17
2,5,65.0,0,3.55,141,9,255,18
2,5,65.0,0,3.55,141,9,255,19
2,5,65.0,0,3.45,141,9,255,20
2,5,75.0,0,3.55,141,9,255,15
2,5,88.0,0,3.52,141,9,255,7
2,5,88.0,0,3.63,141,9,255,16
2,5,108.0,0,3.57,141,9,255,10
2,5,181.0,0,3.57,141,9,255,13
2,5,195.0,0,3.58,141,9,255,9
2,5,206.0,0,3.58,141,9,255,11
2,5,88.0,0,3.58,142,9,256,14
2,5,88.0,0,3.57,142,9,256,16
2,5,78.0,0,3.58,142,9,256,6
2,5,78.0,0,3.55,142,9,256,7
2,5,85.0,0,3.55,142,9,256,19
2,5,88.0,0,3.52,142,9,256,7
2,5,125.0,0,3.55,142,9,256,18
2,5,125.0,0,3.45,142,9,256,20
2,5,138.0,0,3.63,142,9,256,16
2,5,159.0,0,3.6,142,9,256,17
2,5,195.0,0,3.57,142,9,256,13
2,5,195.0,0,3.55,142,9,256,15
2,5,209.0,0,3.57,142,9,256,10
2,5,224.0,0,3.58,142,9,256,9
2,5,224.0,0,3.58,142,9,256,11
2,5,49.0,0,3.6,143,9,257,21
2,5,88.0,0,3.58,143,9,257,14
2,5,88.0,0,3.57,143,9,257,17
2,5,78.0,0,3.58,143,9,257,6
2,5,78.0,0,3.55,143,9,257,19
2,5,88.0,0,3.52,143,9,257,7
2,5,88.0,0,3.55,143,9,257,7
2,5,128.0,0,3.57,143,9,257,16
2,5,128.0,0,3.55,143,9,257,18
2,5,128.0,0,3.45,143,9,257,20
2,5,138.0,0,3.63,143,9,257,16
2,5,195.0,0,3.55,143,9,257,15
2,5,209.0,0,3.57,143,9,257,10
2,5,264.0,0,3.57,143,9,257,13
2,5,275.0,0,3.58,143,9,257,9
2,5,295.0,0,3.58,143,9,257,11
2,5,78.0,0,3.57,144,9,258,16
2,5,88.0,0,3.57,144,9,258,10
2,5,78.0,0,3.55,144,9,258,7
2,5,78.0,0,3.57,144,9,258,17
2,5,78.0,0,3.55,144,9,258,18
2,5,78.0,0,3.55,144,9,258,19
2,5,78.0,0,3.45,144,9,258,20
2,5,86.0,0,3.58,144,9,258,6
2,5,88.0,0,3.52,144,9,258,7
2,5,88.0,0,3.58,144,9,258,14
2,5,88.0,0,3.55,144,9,258,15
2,5,88.0,0,3.63,144,9,258,16
2,5,181.0,0,3.58,144,9,258,9
2,5,187.0,0,3.58,144,9,258,11
2,5,213.0,0,3.57,144,9,258,13
2,5,78.0,0,3.58,145,9,259,6
2,5,88.0,0,3.52,145,9,259,7
2,5,149.0,0,3.63,145,9,259,16
2,5,99.0,1,8.05,145,9,259,20
2,5,159.0,0,3.55,145,9,259,7
2,5,209.0,0,3.57,145,9,259,10
2,5,209.0,0,3.58,145,9,259,14
2,5,264.0,0,3.45,145,9,259,20
2,5,275.0,0,3.57,145,9,259,16
2,5,275.0,0,3.57,145,9,259,17
2,5,275.0,0,3.55,145,9,259,19
2,5,289.0,0,3.63,145,9,259,16
2,5,295.0,0,3.58,145,9,259,9
2,5,307.0,0,3.58,145,9,259,11
2,5,307.0,0,3.55,145,9,259,18
2,5,352.0,0,3.57,145,9,259,13
2,5,352.0,0,3.55,145,9,259,15
2,5,88.0,0,3.52,146,9,260,7
2,5,108.0,0,3.58,146,9,260,14
2,5,149.0,0,3.6,146,9,260,21
2,5,75.0,1,8.17,146,9,260,0
2,5,127.0,1,10.72,146,9,260,20
2,5,159.0,0,3.57,146,9,260,10
2,5,159.0,0,3.63,146,9,260,16
2,5,195.0,0,3.58,146,9,260,6
2,5,224.0,0,3.57,146,9,260,17
2,5,224.0,0,3.55,146,9,260,19
2,5,224.0,0,3.45,146,9,260,20
2,5,264.0,0,3.55,146,9,260,7
2,5,275.0,0,3.57,146,9,260,16
2,5,275.0,0,3.55,146,9,260,18
2,5,352.0,0,3.57,146,9,260,13
2,5,352.0,0,3.55,146,9,260,15
2,5,449.0,0,3.58,146,9,260,9
2,5,449.0,0,3.58,146,9,260,11
2,5,65.0,0,3.57,147,9,261,16
2,5,88.0,0,3.57,147,9,261,10
2,5,65.0,0,3.58,147,9,261,6
2,5,65.0,0,3.55,147,9,261,7
2,5,65.0,0,3.57,147,9,261,17
2,5,65.0,0,3.55,147,9,261,18
2,5,65.0,0,3.55,147,9,261,19
2,5,65.0,0,3.45,147,9,261,20
2,5,88.0,0,3.52,147,9,261,7
2,5,88.0,0,3.58,147,9,261,14
2,5,88.0,0,3.63,147,9,261,16
2,5,159.0,0,3.55,147,9,261,15
2,5,213.0,0,3.58,147,9,261,11
2,5,251.0,0,3.58,147,9,261,9
2,5,264.0,0,3.6,147,9,261,13
2,5,39.0,0,3.6,148,9,262,21
2,5,65.0,0,3.57,148,9,262,16
2,5,88.0,0,3.58,148,9,262,14
2,5,65.0,0,3.58,148,9,262,6
2,5,65.0,0,3.55,148,9,262,7
2,5,65.0,0,3.57,148,9,262,17
2,5,65.0,0,3.55,148,9,262,18
2,5,65.0,0,3.55,148,9,262,19
2,5,65.0,0,3.45,148,9,262,20
2,5,88.0,0,3.52,148,9,262,7
2,5,88.0,0,3.55,148,9,262,15
2,5,138.0,0,3.57,148,9,262,10
2,5,138.0,0,3.63,148,9,262,16
2,5,180.0,0,3.57,148,9,262,13
2,5,213.0,0,3.58,148,9,262,9
2,5,251.0,0,3.58,148,9,262,11
2,5,78.0,0,3.55,149,9,263,7
2,5,88.0,0,3.58,149,9,263,14
2,5,78.0,0,3.58,149,9,263,6
2,5,88.0,0,3.52,149,9,263,7
2,5,88.0,0,3.55,149,9,263,19
2,5,108.0,0,3.57,149,9,263,10
2,5,125.0,0,3.57,149,9,263,16
2,5,125.0,0,3.45,149,9,263,20
2,5,159.0,0,3.55,149,9,263,18
2,5,187.0,0,3.6,149,9,263,17
2,5,195.0,0,3.55,149,9,263,15
2,5,209.0,0,3.63,149,9,263,16
2,5,224.0,0,3.57,149,9,263,13
2,5,259.0,0,3.58,149,9,263,11
2,5,275.0,0,3.58,149,9,263,9
2,5,49.0,0,3.6,150,9,264,21
2,5,78.0,0,3.55,150,9,264,19
2,5,88.0,0,3.58,150,9,264,14
2,5,78.0,0,3.52,150,9,264,7
2,5,88.0,0,3.58,150,9,264,6
2,5,128.0,0,3.55,150,9,264,7
2,5,128.0,0,3.57,150,9,264,16
2,5,128.0,0,3.57,150,9,264,17
2,5,128.0,0,3.55,150,9,264,18
2,5,138.0,0,3.57,150,9,264,10
2,5,180.0,0,3.45,150,9,264,20
2,5,195.0,0,3.55,150,9,264,15
2,5,209.0,0,3.63,150,9,264,16
2,5,264.0,0,3.57,150,9,264,13
2,5,275.0,0,3.58,150,9,264,9
2,5,307.0,0,3.58,150,9,264,11
2,5,78.0,0,3.57,151,9,265,16
2,5,88.0,0,3.58,151,9,265,14
2,5,78.0,0,3.58,151,9,265,6
2,5,78.0,0,3.52,151,9,265,7
2,5,78.0,0,3.55,151,9,265,7
2,5,78.0,0,3.57,151,9,265,17
2,5,78.0,0,3.55,151,9,265,18
2,5,78.0,0,3.55,151,9,265,19
2,5,88.0,0,3.63,151,9,265,16
2,5,88.0,0,3.45,151,9,265,20
2,5,125.0,0,3.55,151,9,265,15
2,5,138.0,0,3.57,151,9,265,10
2,5,206.0,0,3.58,151,9,265,9
2,5,206.0,0,3.58,151,9,265,11
2,5,264.0,0,3.57,151,9,265,13
2,5,78.0,0,3.58,152,9,266,6
2,5,78.0,0,3.52,152,9,266,7
2,5,113.0,0,3.63,152,9,266,16
2,5,80.0,1,8.05,152,9,266,20
2,5,159.0,0,3.55,152,9,266,7
2,5,208.0,0,3.45,152,9,266,20
2,5,209.0,0,3.58,152,9,266,14
2,5,209.0,0,3.63,152,9,266,16
2,5,229.0,0,3.57,152,9,266,17
2,5,229.0,0,3.55,152,9,266,19
2,5,275.0,0,3.58,152,9,266,9
2,5,275.0,0,3.57,152,9,266,16
2,5,275.0,0,3.55,152,9,266,18
2,5,289.0,0,3.57,152,9,266,10
2,5,307.0,0,3.58,152,9,266,11
2,5,307.0,0,3.57,152,9,266,13
2,5,307.0,0,3.55,152,9,266,15
2,5,78.0,0,3.52,153,9,267,7
2,5,78.0,0,3.57,153,9,267,16
2,5,78.0,0,3.58,153,9,267,6
2,5,78.0,0,3.55,153,9,267,7
2,5,78.0,0,3.57,153,9,267,17
2,5,78.0,0,3.55,153,9,267,18
2,5,78.0,0,3.55,153,9,267,19
2,5,78.0,0,3.45,153,9,267,20
2,5,108.0,0,3.58,153,9,267,14
2,5,159.0,0,3.63,153,9,267,16
2,5,195.0,0,3.55,153,9,267,15
2,5,214.0,0,3.57,153,9,267,13
2,5,289.0,0,3.57,153,9,267,10
2,5,295.0,0,3.58,153,9,267,9
2,5,295.0,0,3.58,153,9,267,11
2,5,65.0,0,3.52,154,9,268,7
2,5,65.0,0,3.57,154,9,268,16
2,5,65.0,0,3.58,154,9,268,6
2,5,65.0,0,3.55,154,9,268,7
2,5,65.0,0,3.57,154,9,268,17
2,5,65.0,0,3.55,154,9,268,18
2,5,65.0,0,3.55,154,9,268,19
2,5,65.0,0,3.45,154,9,268,20
2,5,88.0,0,3.58,154,9,268,14
2,5,108.0,0,3.57,154,9,268,10
2,5,108.0,0,3.63,154,9,268,16
2,5,125.0,0,3.55,154,9,268,15
2,5,213.0,0,3.58,154,9,268,11
2,5,251.0,0,3.6,154,9,268,13
2,5,254.0,0,3.58,154,9,268,9
2,5,39.0,0,3.6,155,9,269,21
2,5,65.0,0,3.52,155,9,269,7
2,5,65.0,0,3.57,155,9,269,16
2,5,65.0,0,3.58,155,9,269,6
2,5,65.0,0,3.55,155,9,269,7
2,5,65.0,0,3.57,155,9,269,17
2,5,65.0,0,3.55,155,9,269,18
2,5,65.0,0,3.55,155,9,269,19
2,5,65.0,0,3.45,155,9,269,20
2,5,88.0,0,3.58,155,9,269,14
2,5,88.0,0,3.55,155,9,269,15
2,5,138.0,0,3.63,155,9,269,16
2,5,159.0,0,3.57,155,9,269,10
2,5,180.0,0,3.57,155,9,269,13
2,5,195.0,0,3.58,155,9,269,11
2,5,213.0,0,3.58,155,9,269,9
2,5,78.0,0,3.57,156,9,270,16
2,5,88.0,0,3.58,156,9,270,14
2,5,78.0,0,3.58,156,9,270,6
2,5,78.0,0,3.52,156,9,270,7
2,5,78.0,0,3.55,156,9,270,7
2,5,78.0,0,3.55,156,9,270,19
2,5,88.0,0,3.55,156,9,270,18
2,5,125.0,0,3.57,156,9,270,17
2,5,125.0,0,3.45,156,9,270,20
2,5,138.0,0,3.63,156,9,270,16
2,5,159.0,0,3.57,156,9,270,10
2,5,181.0,0,3.55,156,9,270,9
2,5,195.0,0,3.57,156,9,270,13
2,5,195.0,0,3.55,156,9,270,15
2,5,224.0,0,3.58,156,9,270,11
2,5,78.0,0,3.52,157,9,271,7
2,5,88.0,0,3.57,157,9,271,16
2,5,78.0,0,3.58,157,9,271,6
2,5,78.0,0,3.55,157,9,271,7
2,5,78.0,0,3.55,157,9,271,18
2,5,78.0,0,3.55,157,9,271,19
2,5,108.0,0,3.58,157,9,271,14
2,5,128.0,0,3.57,157,9,271,17
2,5,128.0,0,3.45,157,9,271,20
2,5,138.0,0,3.63,157,9,271,16
2,5,180.0,0,3.55,157,9,271,9
2,5,181.0,0,3.55,157,9,271,15
2,5,209.0,0,3.57,157,9,271,10
2,5,224.0,0,3.57,157,9,271,13
2,5,275.0,0,3.58,157,9,271,11
2,5,78.0,0,3.55,158,9,272,9
2,5,88.0,0,3.58,158,9,272,14
2,5,78.0,0,3.58,158,9,272,6
2,5,78.0,0,3.52,158,9,272,7
2,5,78.0,0,3.55,158,9,272,7
2,5,78.0,0,3.57,158,9,272,16
2,5,78.0,0,3.57,158,9,272,17
2,5,78.0,0,3.55,158,9,272,18
2,5,78.0,0,3.55,158,9,272,19
2,5,78.0,0,3.45,158,9,272,20
2,5,125.0,0,3.55,158,9,272,15
2,5,138.0,0,3.63,158,9,272,16
2,5,159.0,0,3.57,158,9,272,10
2,5,180.0,0,3.58,158,9,272,11
2,5,187.0,0,3.57,158,9,272,13
2,5,78.0,0,3.58,159,9,273,6
2,5,78.0,0,3.55,159,9,273,7
2,5,88.0,0,3.52,159,9,273,7
2,5,128.0,0,3.55,159,9,273,9
2,5,149.0,0,3.63,159,9,273,16
2,5,80.0,1,8.05,159,9,273,20
2,5,184.0,0,3.57,159,9,273,16
2,5,184.0,0,3.55,159,9,273,19
2,5,184.0,0,3.45,159,9,273,20
2,5,197.0,0,3.55,159,9,273,18
2,5,208.0,0,3.57,159,9,273,17
2,5,209.0,0,3.58,159,9,273,14
2,5,209.0,0,3.63,159,9,273,16
2,5,259.0,0,3.58,159,9,273,11
2,5,275.0,0,3.57,159,9,273,13
2,5,275.0,0,3.55,159,9,273,15
2,5,346.0,0,3.57,159,9,273,10
2,5,78.0,0,3.52,160,9,274,7
2,5,78.0,0,3.57,160,9,274,16
2,5,78.0,0,3.58,160,9,274,6
2,5,78.0,0,3.55,160,9,274,7
2,5,78.0,0,3.55,160,9,274,18
2,5,78.0,0,3.55,160,9,274,19
2,5,78.0,0,3.45,160,9,274,20
2,5,88.0,0,3.57,160,9,274,17
2,5,108.0,0,3.58,160,9,274,14
2,5,159.0,0,3.63,160,9,274,16
2,5,187.0,0,3.55,160,9,274,9
2,5,195.0,0,3.55,160,9,274,15
2,5,224.0,0,3.57,160,9,274,13
2,5,275.0,0,3.58,160,9,274,11
2,5,289.0,0,3.57,160,9,274,10
2,5,65.0,0,3.52,161,10,275,7
2,5,65.0,0,3.57,161,10,275,16
2,5,65.0,0,3.58,161,10,275,6
2,5,65.0,0,3.55,161,10,275,7
2,5,65.0,0,3.57,161,10,275,17
2,5,65.0,0,3.55,161,10,275,18
2,5,65.0,0,3.55,161,10,275,19
2,5,65.0,0,3.45,161,10,275,20
2,5,77.0,0,3.55,161,10,275,9
2,5,88.0,0,3.58,161,10,275,14
2,5,125.0,0,3.55,161,10,275,15
2,5,138.0,0,3.63,161,10,275,16
2,5,159.0,0,3.57,161,10,275,10
2,5,159.0,0,3.58,161,10,275,11
2,5,159.0,0,3.57,161,10,275,13
2,5,39.0,0,3.6,162,10,276,21
2,5,65.0,0,3.55,162,10,276,9
2,5,65.0,0,3.63,162,10,276,16
2,5,65.0,0,3.58,162,10,276,6
2,5,65.0,0,3.52,162,10,276,7
2,5,65.0,0,3.55,162,10,276,7
2,5,65.0,0,3.57,162,10,276,16
2,5,65.0,0,3.57,162,10,276,17
2,5,65.0,0,3.55,162,10,276,18
2,5,65.0,0,3.55,162,10,276,19
2,5,65.0,0,3.45,162,10,276,20
2,5,75.0,0,3.55,162,10,276,15
2,5,88.0,0,3.58,162,10,276,14
2,5,125.0,0,3.58,162,10,276,11
2,5,125.0,0,3.57,162,10,276,13
2,5,159.0,0,3.57,162,10,276,10
2,5,78.0,0,3.57,163,10,277,16
2,5,88.0,0,3.58,163,10,277,14
2,5,78.0,0,3.58,163,10,277,6
2,5,78.0,0,3.52,163,10,277,7
2,5,78.0,0,3.55,163,10,277,7
2,5,78.0,0,3.57,163,10,277,17
2,5,78.0,0,3.55,163,10,277,18
2,5,78.0,0,3.55,163,10,277,19
2,5,78.0,0,3.45,163,10,277,20
2,5,125.0,0,3.55,163,10,277,9
2,5,125.0,0,3.57,163,10,277,13
2,5,125.0,0,3.55,163,10,277,15
2,5,138.0,0,3.57,163,10,277,10
2,5,138.0,0,3.63,163,10,277,16
2,5,159.0,0,3.58,163,10,277,11
2,5,49.0,0,3.6,164,10,278,21
2,5,78.0,0,3.57,164,10,278,16
2,5,108.0,0,3.58,164,10,278,14
2,5,78.0,0,3.57,164,10,278,17
2,5,78.0,0,3.55,164,10,278,18
2,5,78.0,0,3.55,164,10,278,19
2,5,78.0,0,3.45,164,10,278,20
2,5,98.0,1,6.52,164,10,278,0
2,5,108.0,0,3.52,164,10,278,7
2,5,180.0,0,3.55,164,10,278,15
2,5,195.0,0,3.57,164,10,278,13
2,5,209.0,0,3.57,164,10,278,10
2,5,209.0,0,3.63,164,10,278,16
2,5,214.0,0,3.58,164,10,278,6
2,5,214.0,0,3.55,164,10,278,7
2,5,214.0,0,3.55,164,10,278,9
2,5,218.0,0,3.58,164,10,278,11
2,5,78.0,0,3.55,165,10,279,15
2,5,78.0,0,3.63,165,10,279,16
2,5,78.0,0,3.58,165,10,279,6
2,5,78.0,0,3.52,165,10,279,7
2,5,78.0,0,3.55,165,10,279,7
2,5,78.0,0,3.55,165,10,279,9
2,5,78.0,0,3.57,165,10,279,16
2,5,78.0,0,3.57,165,10,279,17
2,5,78.0,0,3.55,165,10,279,18
2,5,78.0,0,3.55,165,10,279,19
2,5,78.0,0,3.45,165,10,279,20
2,5,88.0,0,3.58,165,10,279,14
2,5,125.0,0,3.58,165,10,279,11
2,5,159.0,0,3.57,165,10,279,10
2,5,180.0,0,3.57,165,10,279,13
2,5,88.0,0,3.52,166,10,280,7
2,5,159.0,0,3.63,166,10,280,16
2,5,209.0,0,3.58,166,10,280,14
2,5,264.0,0,3.55,166,10,280,9
2,5,149.0,1,8.05,166,10,280,20
2,5,158.0,1,7.97,166,10,280,9
2,5,264.0,0,3.58,166,10,280,6
2,5,264.0,0,3.55,166,10,280,7
2,5,264.0,0,3.45,166,10,280,20
2,5,295.0,0,3.57,166,10,280,17
2,5,307.0,0,3.58,166,10,280,11
2,5,307.0,0,3.57,166,10,280,16
2,5,307.0,0,3.55,166,10,280,18
2,5,307.0,0,3.55,166,10,280,19
2,5,352.0,0,3.57,166,10,280,13
2,5,352.0,0,3.55,166,10,280,15
2,5,449.0,0,3.57,166,10,280,10
2,5,449.0,0,3.63,166,10,280,16
2,5,88.0,0,3.52,167,10,281,5
2,5,88.0,0,3.57,167,10,281,16
2,5,78.0,0,3.55,167,10,281,18
2,5,78.0,0,3.55,167,10,281,19
2,5,78.0,0,3.45,167,10,281,20
2,5,88.0,0,3.57,167,10,281,17
2,5,195.0,0,3.58,167,10,281,6
2,5,195.0,0,3.55,167,10,281,7
2,5,195.0,0,3.55,167,10,281,9
2,5,214.0,0,3.57,167,10,281,13
2,5,224.0,0,3.55,167,10,281,15
2,5,275.0,0,3.58,167,10,281,11
2,5,289.0,0,3.63,167,10,281,16
2,5,346.0,0,3.57,167,10,281,10
2,5,65.0,0,3.55,168,10,282,9
2,5,65.0,0,3.63,168,10,282,16
2,5,65.0,0,3.52,168,10,282,5
2,5,65.0,0,3.58,168,10,282,6
2,5,65.0,0,3.55,168,10,282,7
2,5,65.0,0,3.57,168,10,282,16
2,5,65.0,0,3.57,168,10,282,17
2,5,65.0,0,3.55,168,10,282,18
2,5,65.0,0,3.55,168,10,282,19
2,5,65.0,0,3.45,168,10,282,20
2,5,125.0,0,3.55,168,10,282,15
2,5,159.0,0,3.57,168,10,282,10
2,5,159.0,0,3.58,168,10,282,11
2,5,159.0,0,3.57,168,10,282,13
2,5,39.0,0,3.6,169,10,283,21
2,5,65.0,0,3.52,169,10,283,5
2,5,65.0,0,3.57,169,10,283,16
2,5,65.0,0,3.58,169,10,283,6
2,5,65.0,0,3.55,169,10,283,7
2,5,65.0,0,3.57,169,10,283,17
2,5,65.0,0,3.55,169,10,283,18
2,5,65.0,0,3.55,169,10,283,19
2,5,65.0,0,3.45,169,10,283,20
2,5,88.0,0,3.55,169,10,283,9
2,5,108.0,0,3.57,169,10,283,10
2,5,108.0,0,3.63,169,10,283,16
2,5,125.0,0,3.55,169,10,283,15
2,5,159.0,0,3.57,169,10,283,13
2,5,195.0,0,3.58,169,10,283,11
2,5,78.0,0,3.58,170,10,284,6
2,5,85.0,0,3.55,170,10,284,7
2,5,108.0,0,3.63,170,10,284,16
2,5,98.0,1,6.52,170,10,284,0
2,5,159.0,0,3.57,170,10,284,16
2,5,159.0,0,3.55,170,10,284,18
2,5,159.0,0,3.55,170,10,284,19
2,5,159.0,0,3.45,170,10,284,20
2,5,187.0,0,3.57,170,10,284,17
2,5,189.0,0,3.52,170,10,284,5
2,5,208.0,0,3.55,170,10,284,9
2,5,259.0,0,3.57,170,10,284,13
2,5,259.0,0,3.55,170,10,284,15
2,5,275.0,0,3.58,170,10,284,11
2,5,289.0,0,3.57,170,10,284,10
2,5,289.0,0,3.63,170,10,284,16
2,5,108.0,0,3.6,171,10,285,21
2,5,128.0,0,3.55,171,10,285,19
2,5,189.0,0,3.63,171,10,285,16
2,5,159.0,0,3.55,171,10,285,18
2,5,187.0,0,3.58,171,10,285,6
2,5,189.0,0,3.52,171,10,285,5
2,5,192.0,0,3.57,171,10,285,17
2,5,203.0,0,3.45,171,10,285,20
2,5,208.0,0,3.55,171,10,285,7
2,5,208.0,0,3.57,171,10,285,16
2,5,259.0,0,3.55,171,10,285,9
2,5,275.0,0,3.55,171,10,285,15
2,5,289.0,0,3.57,171,10,285,10
2,5,307.0,0,3.57,171,10,285,13
2,5,341.0,0,3.58,171,10,285,11
2,5,58.0,0,3.52,172,10,286,20
2,5,78.0,0,3.63,172,10,286,16
2,5,78.0,0,3.57,172,10,286,16
2,5,78.0,0,3.52,172,10,286,5
2,5,78.0,0,3.58,172,10,286,6
2,5,78.0,0,3.55,172,10,286,7
2,5,78.0,0,3.57,172,10,286,17
2,5,78.0,0,3.55,172,10,286,18
2,5,78.0,0,3.55,172,10,286,19
2,5,88.0,0,3.55,172,10,286,9
2,5,88.0,0,3.57,172,10,286,10
2,5,88.0,0,3.45,172,10,286,20
2,5,159.0,0,3.55,172,10,286,15
2,5,203.0,0,3.57,172,10,286,13
2,5,218.0,0,3.58,172,10,286,11
2,5,189.0,0,3.52,173,10,287,5
2,5,208.0,0,3.55,173,10,287,9
2,5,190.0,1,10.75,173,10,287,9
2,5,208.0,0,3.58,173,10,287,6
2,5,208.0,0,3.55,173,10,287,7
2,5,208.0,0,3.57,173,10,287,16
2,5,208.0,0,3.57,173,10,287,17
2,5,208.0,0,3.55,173,10,287,18
2,5,208.0,0,3.55,173,10,287,19
2,5,208.0,0,3.45,173,10,287,20
2,5,259.0,0,3.58,173,10,287,11
2,5,275.0,0,3.57,173,10,287,13
2,5,275.0,0,3.55,173,10,287,15
2,5,289.0,0,3.57,173,10,287,10
2,5,289.0,0,3.63,173,10,287,16
2,5,98.0,1,6.52,174,10,288,0
2,5,129.0,0,3.6,174,10,288,21
2,5,189.0,0,3.57,174,10,288,10
2,5,208.0,0,3.57,174,10,288,16
2,5,127.0,1,10.85,174,10,288,20
2,5,189.0,0,3.52,174,10,288,5
2,5,189.0,0,3.63,174,10,288,16
2,5,208.0,0,3.58,174,10,288,6
2,5,208.0,0,3.57,174,10,288,17
2,5,208.0,0,3.55,174,10,288,18
2,5,208.0,0,3.55,174,10,288,19
2,5,208.0,0,3.45,174,10,288,20
2,5,229.0,0,3.55,174,10,288,7
2,5,259.0,0,3.55,174,10,288,9
2,5,275.0,0,3.57,174,10,288,13
2,5,275.0,0,3.55,174,10,288,15
2,5,352.0,0,3.58,174,10,288,11
2,5,65.0,0,3.63,175,10,289,16
2,5,65.0,0,3.57,175,10,289,16
2,5,65.0,0,3.52,175,10,289,5
2,5,65.0,0,3.58,175,10,289,6
2,5,65.0,0,3.55,175,10,289,7
2,5,65.0,0,3.57,175,10,289,17
2,5,65.0,0,3.55,175,10,289,18
2,5,65.0,0,3.55,175,10,289,19
2,5,65.0,0,3.45,175,10,289,20
2,5,88.0,0,3.55,175,10,289,9
2,5,125.0,0,3.55,175,10,289,15
2,5,159.0,0,3.57,175,10,289,10
2,5,159.0,0,3.58,175,10,289,11
2,5,159.0,0,3.57,175,10,289,13
2,5,39.0,0,3.6,176,10,290,21
2,5,65.0,0,3.52,176,10,290,5
2,5,65.0,0,3.57,176,10,290,16
2,5,65.0,0,3.58,176,10,290,6
2,5,65.0,0,3.55,176,10,290,7
2,5,65.0,0,3.57,176,10,290,17
2,5,65.0,0,3.55,176,10,290,18
2,5,65.0,0,3.55,176,10,290,19
2,5,65.0,0,3.45,176,10,290,20
2,5,80.0,0,3.55,176,10,290,9
2,5,88.0,0,3.57,176,10,290,10
2,5,88.0,0,3.55,176,10,290,15
2,5,88.0,0,3.63,176,10,290,16
2,5,125.0,0,3.57,176,10,290,13
2,5,159.0,0,3.58,176,10,290,11
2,5,78.0,0,3.52,177,10,291,5
2,5,78.0,0,3.55,177,10,291,7
2,5,78.0,0,3.58,177,10,291,6
2,5,138.0,0,3.57,177,10,291,10
2,5,138.0,0,3.63,177,10,291,16
2,5,159.0,0,3.55,177,10,291,9
2,5,184.0,0,3.57,177,10,291,13
2,5,184.0,0,3.57,177,10,291,16
2,5,184.0,0,3.57,177,10,291,17
2,5,184.0,0,3.55,177,10,291,18
2,5,184.0,0,3.55,177,10,291,19
2,5,184.0,0,3.45,177,10,291,20
2,5,197.0,0,3.55,177,10,291,15
2,5,208.0,0,3.58,177,10,291,11
2,5,58.0,0,3.6,178,10,292,21
2,5,78.0,0,3.52,178,10,292,5
2,5,78.0,0,3.57,178,10,292,16
2,5,78.0,0,3.55,178,10,292,18
2,5,78.0,0,3.55,178,10,292,19
2,5,78.0,0,3.45,178,10,292,20
2,5,88.0,0,3.57,178,10,292,17
2,5,108.0,0,3.63,178,10,292,16
2,5,184.0,0,3.58,178,10,292,6
2,5,184.0,0,3.55,178,10,292,7
2,5,184.0,0,3.55,178,10,292,9
2,5,184.0,0,3.55,178,10,292,15
2,5,203.0,0,3.57,178,10,292,13
2,5,209.0,0,3.57,178,10,292,10
2,5,229.0,0,3.58,178,10,292,11
2,5,58.0,0,3.52,179,10,293,20
2,5,78.0,0,3.55,179,10,293,9
2,5,78.0,0,3.63,179,10,293,16
2,5,78.0,0,3.52,179,10,293,5
2,5,78.0,0,3.58,179,10,293,6
2,5,78.0,0,3.55,179,10,293,7
2,5,78.0,0,3.57,179,10,293,16
2,5,78.0,0,3.57,179,10,293,17
2,5,78.0,0,3.55,179,10,293,18
2,5,78.0,0,3.55,179,10,293,19
2,5,78.0,0,3.45,179,10,293,20
2,5,88.0,0,3.55,179,10,293,15
2,5,108.0,0,3.57,179,10,293,10
2,5,159.0,0,3.58,179,10,293,11
2,5,184.0,0,3.57,179,10,293,13
2,5,209.0,0,3.57,180,10,294,10
2,5,224.0,0,3.55,180,10,294,9
2,5,189.0,0,3.52,180,10,294,5
2,5,224.0,0,3.58,180,10,294,6
2,5,224.0,0,3.55,180,10,294,7
2,5,224.0,0,3.57,180,10,294,16
2,5,224.0,0,3.57,180,10,294,17
2,5,224.0,0,3.55,180,10,294,18
2,5,224.0,0,3.55,180,10,294,19
2,5,224.0,0,3.45,180,10,294,20
2,5,229.0,0,3.57,180,10,294,13
2,5,229.0,0,3.55,180,10,294,15
2,5,275.0,0,3.58,180,10,294,11
2,5,289.0,0,3.63,180,10,294,16
2,5,78.0,0,3.52,181,10,295,5
2,5,78.0,0,3.57,181,10,295,16
2,5,78.0,0,3.55,181,10,295,18
2,5,78.0,0,3.55,181,10,295,19
2,5,78.0,0,3.45,181,10,295,20
2,5,125.0,0,3.57,181,10,295,17
2,5,138.0,0,3.57,181,10,295,10
2,5,138.0,0,3.63,181,10,295,16
2,5,159.0,0,3.55,181,10,295,15
2,5,184.0,0,3.58,181,10,295,6
2,5,184.0,0,3.55,181,10,295,7
2,5,187.0,0,3.57,181,10,295,13
2,5,203.0,0,3.55,181,10,295,9
2,5,275.0,0,3.58,181,10,295,11
2,5,65.0,0,3.55,182,10,296,9
2,5,65.0,0,3.63,182,10,296,16
2,5,65.0,0,3.52,182,10,296,5
2,5,65.0,0,3.58,182,10,296,6
2,5,65.0,0,3.55,182,10,296,7
2,5,65.0,0,3.57,182,10,296,16
2,5,65.0,0,3.57,182,10,296,17
2,5,65.0,0,3.55,182,10,296,18
2,5,65.0,0,3.55,182,10,296,19
2,5,65.0,0,3.45,182,10,296,20
2,5,75.0,0,3.55,182,10,296,15
2,5,88.0,0,3.57,182,10,296,10
2,5,125.0,0,3.58,182,10,296,11
2,5,125.0,0,3.57,182,10,296,13
2,5,39.0,0,3.6,183,10,297,21
2,5,65.0,0,3.52,183,10,297,5
2,5,65.0,0,3.55,183,10,297,9
2,5,65.0,0,3.55,183,10,297,15
2,5,65.0,0,3.57,183,10,297,16
2,5,65.0,0,3.58,183,10,297,6
2,5,65.0,0,3.55,183,10,297,7
2,5,65.0,0,3.57,183,10,297,17
2,5,65.0,0,3.55,183,10,297,18
2,5,65.0,0,3.55,183,10,297,19
2,5,65.0,0,3.45,183,10,297,20
2,5,88.0,0,3.63,183,10,297,16
2,5,108.0,0,3.57,183,10,297,10
2,5,125.0,0,3.58,183,10,297,11
2,5,125.0,0,3.57,183,10,297,13
2,5,78.0,0,3.52,184,10,298,5
2,5,78.0,0,3.57,184,10,298,16
2,5,78.0,0,3.58,184,10,298,6
2,5,78.0,0,3.55,184,10,298,7
2,5,78.0,0,3.55,184,10,298,18
2,5,78.0,0,3.55,184,10,298,19
2,5,78.0,0,3.45,184,10,298,20
2,5,108.0,0,3.63,184,10,298,16
2,5,125.0,0,3.55,184,10,298,9
2,5,125.0,0,3.57,184,10,298,13
2,5,125.0,0,3.57,184,10,298,17
2,5,159.0,0,3.57,184,10,298,10
2,5,159.0,0,3.58,184,10,298,11
2,5,159.0,0,3.55,184,10,298,15
2,5,49.0,0,3.6,185,10,299,21
2,5,78.0,0,3.52,185,10,299,5
2,5,78.0,0,3.57,185,10,299,16
2,5,78.0,0,3.58,185,10,299,6
2,5,78.0,0,3.55,185,10,299,7
2,5,78.0,0,3.55,185,10,299,18
2,5,78.0,0,3.55,185,10,299,19
2,5,78.0,0,3.45,185,10,299,20
2,5,88.0,0,3.57,185,10,299,17
2,5,108.0,0,3.63,185,10,299,16
2,5,128.0,0,3.55,185,10,299,9
2,5,138.0,0,3.57,185,10,299,10
2,5,159.0,0,3.55,185,10,299,15
2,5,184.0,0,3.57,185,10,299,13
2,5,208.0,0,3.58,185,10,299,11
2,5,78.0,0,3.55,186,10,300,9
2,5,78.0,0,3.57,186,10,300,10
2,5,78.0,0,3.52,186,10,300,5
2,5,78.0,0,3.58,186,10,300,6
2,5,78.0,0,3.55,186,10,300,7
2,5,78.0,0,3.55,186,10,300,15
2,5,78.0,0,3.63,186,10,300,16
2,5,78.0,0,3.57,186,10,300,16
2,5,78.0,0,3.57,186,10,300,17
2,5,78.0,0,3.55,186,10,300,18
2,5,78.0,0,3.55,186,10,300,19
2,5,78.0,0,3.45,186,10,300,20
2,5,88.0,0,3.58,186,10,300,11
2,5,125.0,0,3.57,186,10,300,13
2,5,78.0,0,3.48,187,10,301,5
2,5,78.0,0,3.47,187,10,301,6
2,5,82.0,0,3.63,187,10,301,16
2,5,128.0,0,3.42,187,10,301,8
2,5,184.0,0,3.42,187,10,301,9
2,5,184.0,0,3.48,187,10,301,16
2,5,184.0,0,3.52,187,10,301,17
2,5,184.0,0,3.42,187,10,301,19
2,5,184.0,0,3.38,187,10,301,20
2,5,208.0,0,3.32,187,10,301,11
2,5,209.0,0,3.45,187,10,301,10
2,5,229.0,0,3.4,187,10,301,13
2,5,229.0,0,3.43,187,10,301,14
2,5,449.0,0,3.47,187,10,301,14
2,5,49.0,0,3.6,188,10,302,21
2,5,78.0,0,3.48,188,10,302,5
2,5,78.0,0,3.48,188,10,302,16
2,5,78.0,0,3.47,188,10,302,6
2,5,78.0,0,3.52,188,10,302,17
2,5,78.0,0,3.42,188,10,302,19
2,5,78.0,0,3.38,188,10,302,20
2,5,125.0,0,3.42,188,10,302,8
2,5,125.0,0,3.43,188,10,302,14
2,5,138.0,0,3.45,188,10,302,10
2,5,138.0,0,3.47,188,10,302,14
2,5,184.0,0,3.4,188,10,302,13
2,5,203.0,0,3.42,188,10,302,9
2,5,208.0,0,3.32,188,10,302,11
2,5,65.0,0,3.48,189,10,303,5
2,5,65.0,0,3.48,189,10,303,16
2,5,65.0,0,3.47,189,10,303,6
2,5,65.0,0,3.42,189,10,303,8
2,5,65.0,0,3.52,189,10,303,17
2,5,65.0,0,3.42,189,10,303,19
2,5,65.0,0,3.38,189,10,303,20
2,5,88.0,0,3.45,189,10,303,10
2,5,88.0,0,3.43,189,10,303,14
2,5,108.0,0,3.47,189,10,303,14
2,5,125.0,0,3.4,189,10,303,13
2,5,159.0,0,3.32,189,10,303,11
2,5,192.0,0,3.42,189,10,303,9
2,5,39.0,0,3.6,190,10,304,21
2,5,65.0,0,3.48,190,10,304,5
2,5,65.0,0,3.48,190,10,304,16
2,5,65.0,0,3.47,190,10,304,6
2,5,65.0,0,3.52,190,10,304,17
2,5,65.0,0,3.42,190,10,304,19
2,5,65.0,0,3.38,190,10,304,20
2,5,88.0,0,3.42,190,10,304,8
2,5,88.0,0,3.45,190,10,304,10
2,5,108.0,0,3.47,190,10,304,14
2,5,159.0,0,3.4,190,10,304,13
2,5,192.0,0,3.32,190,10,304,11
2,5,197.0,0,3.42,190,10,304,9
2,5,254.0,0,3.43,190,10,304,14
2,5,78.0,0,3.48,191,10,305,5
2,5,78.0,0,3.48,191,10,305,16
2,5,78.0,0,3.47,191,10,305,6
2,5,78.0,0,3.42,191,10,305,8
2,5,78.0,0,3.52,191,10,305,17
2,5,78.0,0,3.42,191,10,305,19
2,5,78.0,0,3.38,191,10,305,20
2,5,88.0,0,3.4,191,10,305,13
2,5,88.0,0,3.43,191,10,305,14
2,5,108.0,0,3.45,191,10,305,10
2,5,108.0,0,3.47,191,10,305,14
2,5,159.0,0,3.32,191,10,305,11
2,5,184.0,0,3.42,191,10,305,9
2,5,49.0,0,3.6,192,11,306,21
2,5,78.0,0,3.48,192,11,306,5
2,5,78.0,0,3.48,192,11,306,16
2,5,78.0,0,3.52,192,11,306,17
2,5,78.0,0,3.42,192,11,306,19
2,5,78.0,0,3.38,192,11,306,20
2,5,85.0,0,3.47,192,11,306,6
2,5,88.0,0,3.43,192,11,306,14
2,5,108.0,0,3.47,192,11,306,14
2,5,138.0,0,3.45,192,11,306,10
2,5,159.0,0,3.42,192,11,306,8
2,5,184.0,0,3.4,192,11,306,13
2,5,187.0,0,3.42,192,11,306,9
2,5,208.0,0,3.32,192,11,306,11
2,5,78.0,0,3.43,193,11,307,14
2,5,88.0,0,3.45,193,11,307,10
2,5,78.0,0,3.48,193,11,307,5
2,5,78.0,0,3.47,193,11,307,6
2,5,78.0,0,3.42,193,11,307,8
2,5,78.0,0,3.48,193,11,307,16
2,5,78.0,0,3.52,193,11,307,17
2,5,78.0,0,3.42,193,11,307,19
2,5,78.0,0,3.38,193,11,307,20
2,5,88.0,0,3.47,193,11,307,14
2,5,125.0,0,3.42,193,11,307,9
2,5,125.0,0,3.32,193,11,307,11
2,5,125.0,0,3.4,193,11,307,13
2,5,78.0,0,3.48,194,11,308,5
2,5,78.0,0,3.47,194,11,308,6
2,5,82.0,0,3.63,194,11,308,16
2,5,88.0,0,3.42,194,11,308,8
2,5,184.0,0,3.42,194,11,308,9
2,5,184.0,0,3.48,194,11,308,16
2,5,184.0,0,3.52,194,11,308,17
2,5,184.0,0,3.42,194,11,308,19
2,5,184.0,0,3.38,194,11,308,20
2,5,208.0,0,3.32,194,11,308,11
2,5,208.0,0,3.43,194,11,308,14
2,5,209.0,0,3.45,194,11,308,10
2,5,209.0,0,3.47,194,11,308,14
2,5,259.0,0,3.4,194,11,308,13
2,5,49.0,0,3.6,195,11,309,21
2,5,78.0,0,3.48,195,11,309,5
2,5,78.0,0,3.48,195,11,309,16
2,5,78.0,0,3.52,195,11,309,17
2,5,78.0,0,3.42,195,11,309,19
2,5,78.0,0,3.38,195,11,309,20
2,5,125.0,0,3.47,195,11,309,6
2,5,125.0,0,3.43,195,11,309,14
2,5,138.0,0,3.45,195,11,309,10
2,5,138.0,0,3.47,195,11,309,14
2,5,159.0,0,3.42,195,11,309,8
2,5,224.0,0,3.4,195,11,309,13
2,5,259.0,0,3.42,195,11,309,9
2,5,264.0,0,3.32,195,11,309,11
2,5,65.0,0,3.48,196,11,310,5
2,5,65.0,0,3.43,196,11,310,14
2,5,65.0,0,3.47,196,11,310,6
2,5,65.0,0,3.42,196,11,310,8
2,5,65.0,0,3.48,196,11,310,16
2,5,65.0,0,3.52,196,11,310,17
2,5,65.0,0,3.42,196,11,310,19
2,5,65.0,0,3.38,196,11,310,20
2,5,108.0,0,3.47,196,11,310,14
2,5,125.0,0,3.4,196,11,310,13
2,5,138.0,0,3.45,196,11,310,10
2,5,184.0,0,3.42,196,11,310,9
2,5,218.0,0,3.32,196,11,310,11
2,5,39.0,0,3.6,197,11,311,21
2,5,65.0,0,3.48,197,11,311,5
2,5,65.0,0,3.43,197,11,311,14
2,5,65.0,0,3.47,197,11,311,6
2,5,65.0,0,3.42,197,11,311,8
2,5,65.0,0,3.48,197,11,311,16
2,5,65.0,0,3.52,197,11,311,17
2,5,65.0,0,3.42,197,11,311,19
2,5,65.0,0,3.38,197,11,311,20
2,5,88.0,0,3.45,197,11,311,10
2,5,108.0,0,3.47,197,11,311,14
2,5,159.0,0,3.32,197,11,311,11
2,5,184.0,0,3.42,197,11,311,9
2,5,187.0,0,3.4,197,11,311,13
2,5,78.0,0,3.48,198,11,312,5
2,5,78.0,0,3.48,198,11,312,16
2,5,78.0,0,3.47,198,11,312,6
2,5,78.0,0,3.42,198,11,312,8
2,5,78.0,0,3.52,198,11,312,17
2,5,78.0,0,3.42,198,11,312,19
2,5,78.0,0,3.38,198,11,312,20
2,5,86.0,0,3.43,198,11,312,14
2,5,108.0,0,3.45,198,11,312,10
2,5,108.0,0,3.47,198,11,312,14
2,5,125.0,0,3.4,198,11,312,13
2,5,184.0,0,3.42,198,11,312,9
2,5,184.0,0,3.32,198,11,312,11
2,5,49.0,0,3.6,199,11,313,21
2,5,78.0,0,3.48,199,11,313,5
2,5,78.0,0,3.48,199,11,313,16
2,5,78.0,0,3.47,199,11,313,6
2,5,78.0,0,3.52,199,11,313,17
2,5,78.0,0,3.42,199,11,313,19
2,5,78.0,0,3.38,199,11,313,20
2,5,88.0,0,3.43,199,11,313,14
2,5,108.0,0,3.47,199,11,313,14
2,5,128.0,0,3.42,199,11,313,8
2,5,138.0,0,3.45,199,11,313,10
2,5,187.0,0,3.4,199,11,313,13
2,5,208.0,0,3.42,199,11,313,9
2,5,224.0,0,3.32,199,11,313,11
2,5,78.0,0,3.45,200,11,314,10
2,5,78.0,0,3.47,200,11,314,14
2,5,78.0,0,3.43,200,11,314,14
2,5,78.0,0,3.48,200,11,314,5
2,5,78.0,0,3.47,200,11,314,6
2,5,78.0,0,3.42,200,11,314,8
2,5,78.0,0,3.48,200,11,314,16
2,5,78.0,0,3.52,200,11,314,17
2,5,78.0,0,3.42,200,11,314,19
2,5,78.0,0,3.38,200,11,314,20
2,5,125.0,0,3.42,200,11,314,9
2,5,125.0,0,3.32,200,11,314,11
2,5,125.0,0,3.4,200,11,314,13
2,5,78.0,0,3.48,201,11,315,5
2,5,82.0,0,3.63,201,11,315,16
2,5,209.0,0,3.45,201,11,315,10
2,5,209.0,0,3.47,201,11,315,14
2,5,259.0,0,3.32,201,11,315,11
2,5,138.0,1,9.1,201,11,315,9
2,5,259.0,0,3.47,201,11,315,6
2,5,259.0,0,3.42,201,11,315,8
2,5,259.0,0,3.42,201,11,315,9
2,5,259.0,0,3.43,201,11,315,14
2,5,259.0,0,3.48,201,11,315,16
2,5,259.0,0,3.52,201,11,315,17
2,5,259.0,0,3.42,201,11,315,19
2,5,259.0,0,3.38,201,11,315,20
2,5,275.0,0,3.4,201,11,315,13
2,5,49.0,0,3.6,202,11,316,21
2,5,78.0,0,3.48,202,11,316,5
2,5,78.0,0,3.48,202,11,316,16
2,5,78.0,0,3.42,202,11,316,19
2,5,78.0,0,3.38,202,11,316,20
2,5,85.0,0,3.52,202,11,316,17
2,5,138.0,0,3.47,202,11,316,14
2,5,159.0,0,3.43,202,11,316,14
2,5,192.0,0,3.47,202,11,316,6
2,5,208.0,0,3.4,202,11,316,13
2,5,275.0,0,3.42,202,11,316,8
2,5,275.0,0,3.42,202,11,316,9
2,5,289.0,0,3.45,202,11,316,10
2,5,307.0,0,3.32,202,11,316,11
2,5,65.0,0,3.48,203,11,317,5
2,5,65.0,0,3.43,203,11,317,14
2,5,65.0,0,3.47,203,11,317,6
2,5,65.0,0,3.48,203,11,317,16
2,5,65.0,0,3.52,203,11,317,17
2,5,65.0,0,3.42,203,11,317,19
2,5,65.0,0,3.38,203,11,317,20
2,5,75.0,0,3.42,203,11,317,8
2,5,88.0,0,3.45,203,11,317,10
2,5,88.0,0,3.47,203,11,317,14
2,5,125.0,0,3.4,203,11,317,13
2,5,159.0,0,3.32,203,11,317,11
2,5,203.0,0,3.42,203,11,317,9
2,5,39.0,0,3.6,204,11,318,21
2,5,65.0,0,3.48,204,11,318,5
2,5,65.0,0,3.43,204,11,318,14
2,5,65.0,0,3.47,204,11,318,6
2,5,65.0,0,3.42,204,11,318,8
2,5,65.0,0,3.48,204,11,318,16
2,5,65.0,0,3.52,204,11,318,17
2,5,65.0,0,3.42,204,11,318,19
2,5,65.0,0,3.38,204,11,318,20
2,5,88.0,0,3.45,204,11,318,10
2,5,88.0,0,3.4,204,11,318,13
2,5,108.0,0,3.47,204,11,318,14
2,5,159.0,0,3.32,204,11,318,11
2,5,184.0,0,3.42,204,11,318,9
2,5,78.0,0,3.47,205,11,319,14
2,5,85.0,0,3.42,205,11,319,8
2,5,78.0,0,3.48,205,11,319,5
2,5,78.0,0,3.47,205,11,319,6
2,5,108.0,0,3.45,205,11,319,10
2,5,184.0,0,3.42,205,11,319,9
2,5,184.0,0,3.32,205,11,319,11
2,5,184.0,0,3.4,205,11,319,13
2,5,184.0,0,3.43,205,11,319,14
2,5,184.0,0,3.48,205,11,319,16
2,5,184.0,0,3.52,205,11,319,17
2,5,184.0,0,3.42,205,11,319,19
2,5,184.0,0,3.38,205,11,319,20
2,5,78.0,0,3.48,206,11,320,5
2,5,82.0,0,3.6,206,11,320,21
2,5,108.0,0,3.47,206,11,320,14
2,5,138.0,0,3.45,206,11,320,10
2,5,192.0,0,3.47,206,11,320,6
2,5,192.0,0,3.42,206,11,320,8
2,5,192.0,0,3.43,206,11,320,14
2,5,192.0,0,3.48,206,11,320,16
2,5,192.0,0,3.52,206,11,320,17
2,5,192.0,0,3.42,206,11,320,19
2,5,192.0,0,3.38,206,11,320,20
2,5,197.0,0,3.4,206,11,320,13
2,5,208.0,0,3.42,206,11,320,9
2,5,224.0,0,3.32,206,11,320,11
2,5,78.0,0,3.45,207,11,321,10
2,5,78.0,0,3.32,207,11,321,11
2,5,78.0,0,3.48,207,11,321,5
2,5,78.0,0,3.47,207,11,321,6
2,5,78.0,0,3.42,207,11,321,8
2,5,78.0,0,3.43,207,11,321,14
2,5,78.0,0,3.48,207,11,321,16
2,5,78.0,0,3.52,207,11,321,17
2,5,78.0,0,3.42,207,11,321,19
2,5,78.0,0,3.38,207,11,321,20
2,5,85.0,0,3.4,207,11,321,13
2,5,108.0,0,3.47,207,11,321,14
2,5,125.0,0,3.42,207,11,321,9
2,5,78.0,0,3.48,208,11,322,5
2,5,78.0,0,3.47,208,11,322,6
2,5,82.0,0,3.63,208,11,322,16
2,5,85.0,0,3.42,208,11,322,8
2,5,159.0,0,3.42,208,11,322,9
2,5,192.0,0,3.32,208,11,322,11
2,5,208.0,0,3.43,208,11,322,14
2,5,208.0,0,3.48,208,11,322,16
2,5,208.0,0,3.52,208,11,322,17
2,5,208.0,0,3.42,208,11,322,19
2,5,208.0,0,3.38,208,11,322,20
2,5,209.0,0,3.45,208,11,322,10
2,5,209.0,0,3.47,208,11,322,14
2,5,229.0,0,3.4,208,11,322,13
2,5,49.0,0,3.6,209,11,323,21
2,5,78.0,0,3.48,209,11,323,5
2,5,78.0,0,3.43,209,11,323,14
2,5,78.0,0,3.47,209,11,323,6
2,5,78.0,0,3.48,209,11,323,16
2,5,78.0,0,3.52,209,11,323,17
2,5,78.0,0,3.42,209,11,323,19
2,5,78.0,0,3.38,209,11,323,20
2,5,125.0,0,3.42,209,11,323,8
2,5,138.0,0,3.45,209,11,323,10
2,5,138.0,0,3.47,209,11,323,14
2,5,184.0,0,3.4,209,11,323,13
2,5,224.0,0,3.32,209,11,323,11
2,5,229.0,0,3.42,209,11,323,9
2,5,65.0,0,3.48,210,11,324,5
2,5,65.0,0,3.43,210,11,324,14
2,5,65.0,0,3.47,210,11,324,6
2,5,65.0,0,3.42,210,11,324,8
2,5,65.0,0,3.48,210,11,324,16
2,5,65.0,0,3.52,210,11,324,17
2,5,65.0,0,3.42,210,11,324,19
2,5,65.0,0,3.38,210,11,324,20
2,5,88.0,0,3.45,210,11,324,10
2,5,108.0,0,3.47,210,11,324,14
2,5,125.0,0,3.4,210,11,324,13
2,5,159.0,0,3.32,210,11,324,11
2,5,184.0,0,3.42,210,11,324,9
2,5,65.0,0,3.48,211,11,325,5
2,5,65.0,0,3.42,211,11,325,8
2,5,65.0,0,3.43,211,11,325,14
2,5,65.0,0,3.48,211,11,325,16
2,5,65.0,0,3.52,211,11,325,17
2,5,64.0,0,3.6,211,11,325,21
2,5,65.0,0,3.47,211,11,325,6
2,5,65.0,0,3.42,211,11,325,19
2,5,65.0,0,3.38,211,11,325,20
2,5,88.0,0,3.4,211,11,325,13
2,5,88.0,0,3.47,211,11,325,14
2,5,125.0,0,3.42,211,11,325,9
2,5,125.0,0,3.32,211,11,325,11
2,5,159.0,0,3.45,211,11,325,10
2,5,88.0,0,3.47,212,11,326,6
2,5,129.0,0,3.63,212,11,326,16
2,5,138.0,0,3.45,212,11,326,10
2,5,118.0,1,6.52,212,11,326,0
2,5,138.0,0,3.48,212,11,326,5
2,5,159.0,0,3.42,212,11,326,8
2,5,184.0,0,3.48,212,11,326,16
2,5,184.0,0,3.38,212,11,326,20
2,5,192.0,0,3.42,212,11,326,19
2,5,203.0,0,3.52,212,11,326,17
2,5,209.0,0,3.47,212,11,326,14
2,5,224.0,0,3.43,212,11,326,14
2,5,229.0,0,3.32,212,11,326,11
2,5,259.0,0,3.42,212,11,326,9
2,5,259.0,0,3.4,212,11,326,13
2,5,159.0,0,3.47,213,11,327,6
2,5,229.0,0,3.45,213,11,327,10
2,5,229.0,0,3.47,213,11,327,14
2,5,139.0,0,3.6,213,11,327,21
2,5,148.0,1,6.52,213,11,327,0
2,5,224.0,0,3.48,213,11,327,16
2,5,224.0,0,3.52,213,11,327,17
2,5,224.0,0,3.42,213,11,327,19
2,5,224.0,0,3.38,213,11,327,20
2,5,229.0,0,3.48,213,11,327,5
2,5,229.0,0,3.43,213,11,327,14
2,5,275.0,0,3.42,213,11,327,8
2,5,295.0,0,3.42,213,11,327,9
2,5,296.0,0,3.4,213,11,327,13
2,5,307.0,0,3.32,213,11,327,11
2,5,249.0,0,3.45,214,11,328,10
2,5,254.0,0,3.32,214,11,328,11
2,5,128.0,1,6.52,214,11,328,0
2,5,249.0,0,3.48,214,11,328,5
2,5,249.0,0,3.47,214,11,328,14
2,5,251.0,0,3.47,214,11,328,6
2,5,251.0,0,3.42,214,11,328,8
2,5,251.0,0,3.42,214,11,328,9
2,5,251.0,0,3.4,214,11,328,13
2,5,251.0,0,3.43,214,11,328,14
2,5,251.0,0,3.48,214,11,328,16
2,5,251.0,0,3.52,214,11,328,17
2,5,251.0,0,3.42,214,11,328,19
2,5,251.0,0,3.38,214,11,328,20
2,5,148.0,0,3.48,215,11,329,5
2,5,159.0,0,3.63,215,11,329,16
2,5,178.0,0,3.47,215,11,329,14
2,5,199.0,0,3.45,215,11,329,10
2,5,224.0,0,3.32,215,11,329,11
2,5,157.0,1,8.2,215,11,329,6
2,5,224.0,0,3.47,215,11,329,6
2,5,224.0,0,3.42,215,11,329,8
2,5,224.0,0,3.42,215,11,329,9
2,5,224.0,0,3.4,215,11,329,13
2,5,224.0,0,3.43,215,11,329,14
2,5,224.0,0,3.48,215,11,329,16
2,5,224.0,0,3.52,215,11,329,17
2,5,224.0,0,3.42,215,11,329,19
2,5,224.0,0,3.38,215,11,329,20
2,5,78.0,0,3.47,216,11,330,6
2,5,78.0,0,3.48,216,11,330,16
2,5,78.0,0,3.52,216,11,330,17
2,5,78.0,0,3.38,216,11,330,20
2,5,88.0,0,3.42,216,11,330,8
2,5,88.0,0,3.42,216,11,330,19
2,5,98.0,1,6.52,216,11,330,0
2,5,128.0,0,3.43,216,11,330,14
2,5,138.0,0,3.48,216,11,330,5
2,5,138.0,0,3.45,216,11,330,10
2,5,139.0,0,3.6,216,11,330,21
2,5,184.0,0,3.42,216,11,330,9
2,5,184.0,0,3.32,216,11,330,11
2,5,184.0,0,3.4,216,11,330,13
2,5,209.0,0,3.47,216,11,330,14
